As of date,As of time,Mainland China,Number of reported/confirmed cases,Number of deaths,Remark
11/01/2020,23:59,Hubei,41,,
12/01/2020,23:59,Hubei,41,,
13/01/2020,23:59,Hubei,41,,
15/01/2020,23:59,Hubei,41,,
16/01/2020,23:59,Hubei,45,,
17/01/2020,23:59,Hubei,62,,
19/01/2020,23:59,Hubei,198,,
20/01/2020,18:00,Guangdong,14,,
20/01/2020,18:00,Beijing,5,,
20/01/2020,18:00,Shanghai,1,,
20/01/2020,23:59,Hubei,270,,
21/01/2020,18:00,Guangdong,17,,
21/01/2020,18:00,Beijing,5,,
21/01/2020,18:00,Shanghai,2,,
21/01/2020,18:00,Zhejiang,1,,
21/01/2020,23:59,Hubei,375,,
22/01/2020,9:00,Beijing,10,,
22/01/2020,9:00,Chongqing,5,,
22/01/2020,9:00,Guangdong,26,,
22/01/2020,9:00,Henan ,1,,
22/01/2020,9:00,Hunan ,1,,
22/01/2020,9:00,Jiangxi,2,,
22/01/2020,9:00,Shandong,1,,
22/01/2020,9:00,Shanghai,9,,
22/01/2020,9:00,Sichuan,2,,
22/01/2020,9:00,Tianjin,2,,
22/01/2020,9:00,Yunnan,1,,
22/01/2020,9:00,Zhejiang,5,,
22/01/2020,18:00,Beijing,14,,
22/01/2020,18:00,Liaoning,2,,
22/01/2020,18:00,Anhui,4,,
22/01/2020,18:00,Chongqing,6,,
22/01/2020,18:00,Shaanxi,4,,
22/01/2020,18:00,Tianjin,2,,
22/01/2020,18:00,Fujian,1,,
22/01/2020,18:00,Hunan,4,,
22/01/2020,18:00,Sichuan,5,,
22/01/2020,18:00,heilongjiang,1,,
22/01/2020,18:00,Jiangxi,2,,
22/01/2020,18:00,Guangdong,32,,
22/01/2020,18:00,Guizhou,1,,
22/01/2020,18:00,Shanghai,16,,
22/01/2020,18:00,Shandong,1,,
22/01/2020,18:00,Guangxi Autonomous Region,2,,
22/01/2020,18:00,Yunnan,1,,
22/01/2020,18:00,Zhejiang,10,,
22/01/2020,18:00,Henan,5,,
22/01/2020,18:00,Hainan,1,,
22/01/2020,23:59,Hubei,444,,
23/01/2020,18:00,Beijing,14,,
23/01/2020,18:00,Liaoning,3,,
23/01/2020,18:00,Anhui,9,,
23/01/2020,18:00,Chongqing,9,,
23/01/2020,18:00,Shaanxi,4,,
23/01/2020,18:00,Tianjin,2,,
23/01/2020,18:00,Fujian,4,,
23/01/2020,18:00,Hunan,9,,
23/01/2020,18:00,Sichuan,8,,
23/01/2020,18:00,Heilongjiang,1,,
23/01/2020,18:00,Jiangxi,3,,
23/01/2020,18:00,Guangdong,32,,
23/01/2020,18:00,Guizhou,3,,
23/01/2020,18:00,Shanghai,16,,
23/01/2020,18:00,Shandong,1,,
23/01/2020,18:00,Guangxi Zhuang Autonomous Region,5,,
23/01/2020,18:00,Yunnan,1,,
23/01/2020,18:00,Zhejiang,27,,
23/01/2020,18:00,Henan,5,,
23/01/2020,18:00,Hebei,1,,
23/01/2020,18:00,Hainan,1,,
23/01/2020,18:00,Jilin,1,,
23/01/2020,18:00,Shanxi,1,,
23/01/2020,18:00,Ningxia Hui Autonomous Region,1,,
23/01/2020,18:00,Jiangsu,1,,
23/01/2020,20:00,Hubei,468,,
23/01/2020,23:59,Hubei,549,,
24/01/2020,18:00,Beijing,26,,
24/01/2020,18:00,Liaoning,4,,
24/01/2020,18:00,Anhui,15,,
24/01/2020,18:00,Chongqing,27,,
24/01/2020,18:00,Shaanxi,7,,
24/01/2020,18:00,Tianjin,7,,
24/01/2020,18:00,Fujian,10,,
24/01/2020,18:00,Hunan,24,,
24/01/2020,18:00,Sichuan,15,,
24/01/2020,18:00,Gansu,2,,
24/01/2020,18:00,Heilongjiang,4,,
24/01/2020,18:00,Jiangxi,7,,
24/01/2020,18:00,Guangdong,53,,
24/01/2020,18:00,Guizhou,3,,
24/01/2020,18:00,Shanghai,20,,
24/01/2020,18:00,Shandong,15,,
24/01/2020,18:00,Guangxi Zhuang Autonomous Region,13,,
24/01/2020,18:00,Yunnan,2,,
24/01/2020,18:00,Inner Mongolia Autonomous Region,1,,
24/01/2020,18:00,Zhejiang,43,,
24/01/2020,18:00,Henan,9,,
24/01/2020,18:00,Hebei,2,,
24/01/2020,18:00,Hainan,8,,
24/01/2020,18:00,Jilin,3,,
24/01/2020,18:00,Shanxi,1,,
24/01/2020,18:00,Ningxia Hui Autonomous Region,1,,
24/01/2020,18:00,Jiangsu,9,,
24/01/2020,18:00,Xinjiang Uygur Autonomous Region,2,,
24/01/2020,23:59,Hubei,729,,
25/01/2020,18:00,Beijing,36,,
25/01/2020,18:00,Liaoning,15,,
25/01/2020,18:00,Anhui,39,,
25/01/2020,18:00,Chongqing,57,,
25/01/2020,18:00,Shaanxi,5,,
25/01/2020,18:00,Tianjin,9,,
25/01/2020,18:00,Fujian,10,,
25/01/2020,18:00,Hunan,43,,
25/01/2020,18:00,Sichuan,28,,
25/01/2020,18:00,Gansu,4,,
25/01/2020,18:00,Heilongjiang,9,,
25/01/2020,18:00,Jiangxi,18,,
25/01/2020,18:00,Guangdong,78,,
25/01/2020,18:00,Guizhou,5,,
25/01/2020,18:00,Shanghai,33,,
25/01/2020,18:00,Shandong,21,,
25/01/2020,18:00,Guangxi Zhuang Autonomous Region,23,,
25/01/2020,18:00,Yunnan,5,,
25/01/2020,18:00,Inner Mongolia Autonomous Region,2,,
25/01/2020,18:00,Zhejiang,62,,
25/01/2020,18:00,Henan,32,,
25/01/2020,18:00,Hebei,8,,
25/01/2020,18:00,Hainan,17,,
25/01/2020,18:00,Jilin,4,,
25/01/2020,18:00,Shanxi,6,,
25/01/2020,18:00,Ningxia Hui Autonomous Region,3,,
25/01/2020,18:00,Jiangsu,18,,
25/01/2020,18:00,Xinjiang Uygur Autonomous Region,3,,
25/01/2020,18:00,Qinghai,1,,
25/01/2020,23:59,Hubei,1052,,
26/01/2020,18:00,Beijing,54,,
26/01/2020,18:00,Liaoning,19,,
26/01/2020,18:00,Anhui,60,,
26/01/2020,18:00,Chongqing,75,,
26/01/2020,18:00,Shaanxi,22,,
26/01/2020,18:00,Tianjin,13,,
26/01/2020,18:00,Fujian,29,,
26/01/2020,18:00,Hunan,69,,
26/01/2020,18:00,Sichuan,46,,
26/01/2020,18:00,Gansu,7,,
26/01/2020,18:00,Heilongjiang,15,,
26/01/2020,18:00,Jiangxi,36,,
26/01/2020,18:00,Guangdong,111,,
26/01/2020,18:00,Guizhou,5,,
26/01/2020,18:00,Shanghai,40,,
26/01/2020,18:00,Shandong,46,,
26/01/2020,18:00,Guangxi Zhuang Autonomous Region,33,,
26/01/2020,18:00,Yunnan,11,,
26/01/2020,18:00,Inner Mongolia Autonomous Region,7,,
26/01/2020,18:00,Zhejiang,104,,
26/01/2020,18:00,Henan,83,,
26/01/2020,18:00,Hebei,13,,
26/01/2020,18:00,Hainan,22,,
26/01/2020,18:00,Jilin,4,,
26/01/2020,18:00,Shanxi,9,,
26/01/2020,18:00,Ningxia Hui Autonomous Region,3,,
26/01/2020,18:00,Jiangsu,31,,
26/01/2020,18:00,Xinjiang Uygur Autonomous Region,4,,
26/01/2020,18:00,Qinghai,4,,
26/01/2020,23:59,Hubei,1423,,
27/01/2020,9:00,Beijing,68,,
27/01/2020,9:00,Liaoning,22,,
27/01/2020,9:00,Anhui,66,,
27/01/2020,9:00,Chongqing,75,,
27/01/2020,9:00,Shaanxi,22,,
27/01/2020,9:00,Tianjin,13,,
27/01/2020,9:00,Fujian,35,,
27/01/2020,9:00,Hunan,69,,
27/01/2020,9:00,Sichuan,46,,
27/01/2020,9:00,Gansu,7,,
27/01/2020,9:00,Heilongjiang,16,,
27/01/2020,9:00,Jiangxi,48,,
27/01/2020,9:00,Guangdong,111,,
27/01/2020,9:00,Guizhou,5,,
27/01/2020,9:00,Shanghai,40,,
27/01/2020,9:00,Shandong,46,,
27/01/2020,9:00,Guangxi Zhuang Autonomous Region,46,,
27/01/2020,9:00,Yunnan,16,,
27/01/2020,9:00,Inner Mongolia Autonomous Region,7,,
27/01/2020,9:00,Zhejiang,104,,
27/01/2020,9:00,Henan,83,,
27/01/2020,9:00,Hebei,13,,
27/01/2020,9:00,Hainan,22,,
27/01/2020,9:00,Jilin,4,,
27/01/2020,9:00,Shanxi,13,,
27/01/2020,9:00,Ningxia Hui Autonomous Region,3,,
27/01/2020,9:00,Jiangsu,33,,
27/01/2020,9:00,Xinjiang Uygur Autonomous Region,4,,
27/01/2020,9:00,Qinghai,4,,
27/01/2020,18:00,Beijing,72,,
27/01/2020,18:00,Liaoning,24,,
27/01/2020,18:00,Anhui,70,,
27/01/2020,18:00,Chongqing,110,,
27/01/2020,18:00,Shaanxi,35,,
27/01/2020,18:00,Tianjin,18,,
27/01/2020,18:00,Fujian,56,,
27/01/2020,18:00,Hunan,100,,
27/01/2020,18:00,Sichuan,69,,
27/01/2020,18:00,Gansu,14,,
27/01/2020,18:00,Heilongjiang,21,,
27/01/2020,18:00,Jiangxi,48,,
27/01/2020,18:00,Guangdong,151,,
27/01/2020,18:00,Guizhou,7,,
27/01/2020,18:00,Shanghai,53,,
27/01/2020,18:00,Shandong,75,,
27/01/2020,18:00,Guangxi Zhuang Autonomous Region,46,,
27/01/2020,18:00,Yunnan,19,,
27/01/2020,18:00,Inner Mongolia Autonomous Region,11,,
27/01/2020,18:00,Zhejiang,128,,
27/01/2020,18:00,Henan,128,,
27/01/2020,18:00,Hebei,18,,
27/01/2020,18:00,Hainan,31,,
27/01/2020,18:00,Jilin,6,,
27/01/2020,18:00,Shanxi,13,,
27/01/2020,18:00,Ningxia Hui Autonomous Region,7,,
27/01/2020,18:00,Jiangsu,47,,
27/01/2020,18:00,Xinjiang Uygur Autonomous Region,5,,
27/01/2020,18:00,Qinghai,4,,
27/01/2020,23:59,Hubei,2714,,
28/01/2020,10:00,Beijing,80,,
28/01/2020,10:00,Liaoning,27,,
28/01/2020,10:00,Anhui,106,,
28/01/2020,10:00,Chongqing,132,,
28/01/2020,10:00,Shaanxi,35,,
28/01/2020,10:00,Tianjin,23,,
28/01/2020,10:00,Fujian,59,,
28/01/2020,10:00,Hunan,143,,
28/01/2020,10:00,Sichuan,90,,
28/01/2020,10:00,Gansu,19,,
28/01/2020,10:00,Heilongjiang,30,,
28/01/2020,10:00,Jiangxi,72,,
28/01/2020,10:00,Guangdong,188,,
28/01/2020,10:00,Guizhou,9,,
28/01/2020,10:00,Shanghai,66,,
28/01/2020,10:00,Shandong,87,,
28/01/2020,10:00,Guangxi Zhuang Autonomous Region,51,,
28/01/2020,10:00,Yunnan,26,,
28/01/2020,10:00,Inner Mongolia Autonomous Region,13,,
28/01/2020,10:00,Zhejiang,173,,
28/01/2020,10:00,Henan,168,,
28/01/2020,10:00,Hebei,33,,
28/01/2020,10:00,Hainan,40,,
28/01/2020,10:00,Jilin,8,,
28/01/2020,10:00,Shanxi,20,,
28/01/2020,10:00,Ningxia Hui Autonomous Region,11,,
28/01/2020,10:00,Jiangsu,70,,
28/01/2020,10:00,Xinjiang Uygur Autonomous Region,10,,
28/01/2020,10:00,Qinghai,6,,
28/01/2020,18:00,Beijing,80,,
28/01/2020,18:00,Liaoning,30,,
28/01/2020,18:00,Anhui,106,,
28/01/2020,18:00,Chongqing,132,,
28/01/2020,18:00,Shaanxi,46,,
28/01/2020,18:00,Tianjin,24,,
28/01/2020,18:00,Fujian,73,,
28/01/2020,18:00,Hunan,143,,
28/01/2020,18:00,Sichuan,90,,
28/01/2020,18:00,Gansu,19,,
28/01/2020,18:00,Heilongjiang,30,,
28/01/2020,18:00,Jiangxi,72,,
28/01/2020,18:00,Guangdong,207,,
28/01/2020,18:00,Guizhou,9,,
28/01/2020,18:00,Shanghai,66,,
28/01/2020,18:00,Shandong,95,,
28/01/2020,18:00,Guangxi Zhuang Autonomous Region,51,,
28/01/2020,18:00,Yunnan,44,,
28/01/2020,18:00,Inner Mongolia Autonomous Region,15,,
28/01/2020,18:00,Zhejiang,173,,
28/01/2020,18:00,Henan,168,,
28/01/2020,18:00,Hebei,33,,
28/01/2020,18:00,Hainan,40,,
28/01/2020,18:00,Jilin,8,,
28/01/2020,18:00,Shanxi,20,,
28/01/2020,18:00,Ningxia Hui Autonomous Region,11,,
28/01/2020,18:00,Jiangsu,70,,
28/01/2020,18:00,Xinjiang Uygur Autonomous Region,10,,
28/01/2020,18:00,Qinghai,6,,
28/01/2020,23:59,Hubei,3554,,
29/01/2020,9:00,Beijing,91,,
29/01/2020,9:00,Liaoning,34,,
29/01/2020,9:00,Anhui,106,,
29/01/2020,9:00,Chongqing,132,,
29/01/2020,9:00,Shaanxi,46,,
29/01/2020,9:00,Tianjin,24,,
29/01/2020,9:00,Fujian,80,,
29/01/2020,9:00,Hunan,143,,
29/01/2020,9:00,Sichuan,90,,
29/01/2020,9:00,Gansu,19,,
29/01/2020,9:00,Heilongjiang,31,,
29/01/2020,9:00,Jiangxi,109,,
29/01/2020,9:00,Guangdong,207,,
29/01/2020,9:00,Guizhou,9,,
29/01/2020,9:00,Shanghai,66,,
29/01/2020,9:00,Shandong,95,,
29/01/2020,9:00,Guangxi Zhuang Autonomous Region,51,,
29/01/2020,9:00,Yunnan,44,,
29/01/2020,9:00,Inner Mongolia Autonomous Region,15,,
29/01/2020,9:00,Zhejiang,173,,
29/01/2020,9:00,Henan,168,,
29/01/2020,9:00,Hebei,33,,
29/01/2020,9:00,Hainan,40,,
29/01/2020,9:00,Jilin,8,,
29/01/2020,9:00,Shanxi,27,,
29/01/2020,9:00,Ningxia Hui Autonomous Region,11,,
29/01/2020,9:00,Jiangsu,70,,
29/01/2020,9:00,Xinjiang Uygur Autonomous Region,10,,
29/01/2020,9:00,Qinghai,6,,
29/01/2020,18:00,Beijing,102,,
29/01/2020,18:00,Liaoning,38,,
29/01/2020,18:00,Anhui,152,,
29/01/2020,18:00,Chongqing,147,,
29/01/2020,18:00,Shaanxi,56,,
29/01/2020,18:00,Tianjin,27,,
29/01/2020,18:00,Fujian,84,,
29/01/2020,18:00,Hunan,221,,
29/01/2020,18:00,Sichuan,108,,
29/01/2020,18:00,Gansu,24,,
29/01/2020,18:00,Heilongjiang,38,,
29/01/2020,18:00,Jiangxi,109,,
29/01/2020,18:00,Guangdong,272,,
29/01/2020,18:00,Guizhou,9,,
29/01/2020,18:00,Shanghai,96,,
29/01/2020,18:00,Shandong,130,,
29/01/2020,18:00,Guangxi Zhuang Autonomous Region,58,,
29/01/2020,18:00,Yunnan,55,,
29/01/2020,18:00,Inner Mongolia Autonomous Region,16,,
29/01/2020,18:00,Zhejiang,296,,
29/01/2020,18:00,Henan,206,,
29/01/2020,18:00,Hebei,48,,
29/01/2020,18:00,Hainan,43,,
29/01/2020,18:00,Jilin,9,,
29/01/2020,18:00,Shanxi,27,,
29/01/2020,18:00,Ningxia Hui Autonomous Region,12,,
29/01/2020,18:00,Jiangsu,99,,
29/01/2020,18:00,Xinjiang Uygur Autonomous Region,13,,
29/01/2020,18:00,Qinghai,6,,
29/01/2020,23:59,Hubei,4586,,
30/01/2020,9:00,Beijing,111,,
30/01/2020,9:00,Liaoning,39,,
30/01/2020,9:00,Anhui,152,,
30/01/2020,9:00,Chongqing,165,,
30/01/2020,9:00,Shaanxi,56,,
30/01/2020,9:00,Tianjin,27,,
30/01/2020,9:00,Fujian,84,,
30/01/2020,9:00,Hunan,221,,
30/01/2020,9:00,Sichuan,108,,
30/01/2020,9:00,Gansu,24,,
30/01/2020,9:00,Heilongjiang,39,,
30/01/2020,9:00,Jiangxi,162,,
30/01/2020,9:00,Guangdong,272,,
30/01/2020,9:00,Guizhou,9,,
30/01/2020,9:00,Shanghai,96,,
30/01/2020,9:00,Shandong,130,,
30/01/2020,9:00,Guangxi Zhuang Autonomous Region,58,,
30/01/2020,9:00,Yunnan,55,,
30/01/2020,9:00,Inner Mongolia Autonomous Region,16,,
30/01/2020,9:00,Zhejiang,296,,
30/01/2020,9:00,Henan,206,,
30/01/2020,9:00,Hebei,48,,
30/01/2020,9:00,Hainan,45,,
30/01/2020,9:00,Jilin,9,,
30/01/2020,9:00,Shanxi,35,,
30/01/2020,9:00,Ningxia Hui Autonomous Region,12,,
30/01/2020,9:00,Jiangsu,99,,
30/01/2020,9:00,Xinjiang Uygur Autonomous Region,13,,
30/01/2020,9:00,Qinghai,6,,
30/01/2020,18:00,Beijing,114,,
30/01/2020,18:00,Liaoning,41,,
30/01/2020,18:00,Anhui,200,,
30/01/2020,18:00,Chongqing,182,,
30/01/2020,18:00,Shaanxi,63,,
30/01/2020,18:00,Tianjin,29,,
30/01/2020,18:00,Fujian,101,,
30/01/2020,18:00,Hunan,277,,
30/01/2020,18:00,Sichuan,142,,
30/01/2020,18:00,Gansu,26,,
30/01/2020,18:00,Heilongjiang,43,,
30/01/2020,18:00,Jiangxi,162,,
30/01/2020,18:00,Guangdong,354,,
30/01/2020,18:00,Guizhou,12,,
30/01/2020,18:00,Shanghai,112,,
30/01/2020,18:00,Shandong,158,,
30/01/2020,18:00,Guangxi Zhuang Autonomous Region,78,,
30/01/2020,18:00,Yunnan,70,,
30/01/2020,18:00,Inner Mongolia Autonomous Region,18,,
30/01/2020,18:00,Zhejiang,428,,
30/01/2020,18:00,Henan,278,,
30/01/2020,18:00,Hebei,65,,
30/01/2020,18:00,Hainan,46,,
30/01/2020,18:00,Jilin,14,,
30/01/2020,18:00,Shanxi,35,,
30/01/2020,18:00,Ningxia Hui Autonomous Region,17,,
30/01/2020,18:00,Jiangsu,129,,
30/01/2020,18:00,Xinjiang Uygur Autonomous Region,14,,
30/01/2020,18:00,Qinghai,6,,
30/01/2020,18:00,Tibet Autonomous Region,1,,
30/01/2020,23:59,Hubei,5806,,
31/01/2020,9:00,Beijing,121,,
31/01/2020,9:00,Liaoning,45,,
31/01/2020,9:00,Anhui,200,,
31/01/2020,9:00,Chongqing,206,,
31/01/2020,9:00,Shaanxi,63,,
31/01/2020,9:00,Tianjin,31,,
31/01/2020,9:00,Fujian,101,,
31/01/2020,9:00,Hunan,277,,
31/01/2020,9:00,Sichuan,177,,
31/01/2020,9:00,Gansu,29,,
31/01/2020,9:00,Heilongjiang,44,,
31/01/2020,9:00,Jiangxi,162,,
31/01/2020,9:00,Guangdong,393,,
31/01/2020,9:00,Guizhou,12,,
31/01/2020,9:00,Shanghai,128,,
31/01/2020,9:00,Shandong,158,,
31/01/2020,9:00,Guangxi Zhuang Autonomous Region,87,,
31/01/2020,9:00,Yunnan,76,,
31/01/2020,9:00,Inner Mongolia Autonomous Region,18,,
31/01/2020,9:00,Zhejiang,428,,
31/01/2020,9:00,Henan,278,,
31/01/2020,9:00,Hebei,65,,
31/01/2020,9:00,Hainan,50,,
31/01/2020,9:00,Jilin,14,,
31/01/2020,9:00,Shanxi,39,,
31/01/2020,9:00,Ningxia Hui Autonomous Region,17,,
31/01/2020,9:00,Jiangsu,129,,
31/01/2020,9:00,Xinjiang Uygur Autonomous Region,14,,
31/01/2020,9:00,Qinghai,8,,
31/01/2020,9:00,Tibet Autonomous Region,1,,
31/01/2020,18:00,Beijing,139,,
31/01/2020,18:00,Liaoning,48,,
31/01/2020,18:00,Anhui,237,,
31/01/2020,18:00,Chongqing,211,,
31/01/2020,18:00,Shaanxi,87,,
31/01/2020,18:00,Tianjin,32,,
31/01/2020,18:00,Fujian,120,,
31/01/2020,18:00,Hunan,332,,
31/01/2020,18:00,Sichuan,177,,
31/01/2020,18:00,Gansu,29,,
31/01/2020,18:00,Heilongjiang,59,,
31/01/2020,18:00,Jiangxi,240,,
31/01/2020,18:00,Guangdong,436,,
31/01/2020,18:00,Guizhou,29,,
31/01/2020,18:00,Shanghai,135,,
31/01/2020,18:00,Shandong,184,,
31/01/2020,18:00,Guangxi Zhuang Autonomous Region,87,,
31/01/2020,18:00,Yunnan,83,,
31/01/2020,18:00,Inner Mongolia Autonomous Region,20,,
31/01/2020,18:00,Zhejiang,537,,
31/01/2020,18:00,Henan,352,,
31/01/2020,18:00,Hebei,82,,
31/01/2020,18:00,Hainan,52,,
31/01/2020,18:00,Jilin,14,,
31/01/2020,18:00,Shanxi,39,,
31/01/2020,18:00,Ningxia Hui Autonomous Region,21,,
31/01/2020,18:00,Jiangsu,168,,
31/01/2020,18:00,Xinjiang Uygur Autonomous Region,17,,
31/01/2020,18:00,Qinghai,8,,
31/01/2020,18:00,Tibet Autonomous Region,1,,
31/01/2020,23:59,Hubei,7153,,
01/02/2020,9:00,Beijing,139,,
01/02/2020,9:00,Liaoning,60,,
01/02/2020,9:00,Anhui,237,,
01/02/2020,9:00,Chongqing,238,,
01/02/2020,9:00,Shaanxi,87,,
01/02/2020,9:00,Tianjin,32,,
01/02/2020,9:00,Fujian,120,,
01/02/2020,9:00,Hunan,332,,
01/02/2020,9:00,Sichuan,207,,
01/02/2020,9:00,Gansu,35,,
01/02/2020,9:00,Heilongjiang,59,,
01/02/2020,9:00,Jiangxi,286,,
01/02/2020,9:00,Guangdong,520,,
01/02/2020,9:00,Guizhou,29,,
01/02/2020,9:00,Shanghai,153,,
01/02/2020,9:00,Shandong,202,,
01/02/2020,9:00,Guangxi Zhuang Autonomous Region,100,,
01/02/2020,9:00,Yunnan,83,,
01/02/2020,9:00,Inner Mongolia Autonomous Region,20,,
01/02/2020,9:00,Zhejiang,537,,
01/02/2020,9:00,Henan,422,,
01/02/2020,9:00,Hebei,96,,
01/02/2020,9:00,Hainan,58,,
01/02/2020,9:00,Jilin,14,,
01/02/2020,9:00,Shanxi,47,,
01/02/2020,9:00,Ningxia Hui Autonomous Region,21,,
01/02/2020,9:00,Jiangsu,168,,
01/02/2020,9:00,Xinjiang Uygur Autonomous Region,17,,
01/02/2020,9:00,Qinghai,8,,
01/02/2020,9:00,Tibet Autonomous Region,1,,
01/02/2020,18:00,Beijing,156,,
01/02/2020,18:00,Liaoning,63,,
01/02/2020,18:00,Anhui,297,,
01/02/2020,18:00,Chongqing,247,,
01/02/2020,18:00,Shaanxi,101,,
01/02/2020,18:00,Tianjin,37,,
01/02/2020,18:00,Fujian,144,,
01/02/2020,18:00,Hunan,389,,
01/02/2020,18:00,Sichuan,207,,
01/02/2020,18:00,Gansu,35,,
01/02/2020,18:00,Heilongjiang,80,,
01/02/2020,18:00,Jiangxi,286,,
01/02/2020,18:00,Guangdong,535,,
01/02/2020,18:00,Guizhou,29,,
01/02/2020,18:00,Shanghai,169,,
01/02/2020,18:00,Shandong,206,,
01/02/2020,18:00,Guangxi Zhuang Autonomous Region,100,,
01/02/2020,18:00,Yunnan,91,,
01/02/2020,18:00,Inner Mongolia Autonomous Region,23,,
01/02/2020,18:00,Zhejiang,599,,
01/02/2020,18:00,Henan,422,,
01/02/2020,18:00,Hebei,96,,
01/02/2020,18:00,Hainan,60,,
01/02/2020,18:00,Jilin,17,,
01/02/2020,18:00,Shanxi,47,,
01/02/2020,18:00,Ningxia Hui Autonomous Region,26,,
01/02/2020,18:00,Jiangsu,202,,
01/02/2020,18:00,Xinjiang Uygur Autonomous Region,18,,
01/02/2020,18:00,Qinghai,9,,
01/02/2020,18:00,Tibet Autonomous Region,1,,
01/02/2020,23:59,Hubei,9074,,
02/02/2020,9:00,Beijing,168,,
02/02/2020,9:00,Liaoning,64,,
02/02/2020,9:00,Anhui,297,,
02/02/2020,9:00,Chongqing,262,,
02/02/2020,9:00,Shaanxi,101,,
02/02/2020,9:00,Tianjin,41,,
02/02/2020,9:00,Fujian,144,,
02/02/2020,9:00,Hunan,389,,
02/02/2020,9:00,Sichuan,231,,
02/02/2020,9:00,Gansu,40,,
02/02/2020,9:00,Heilongjiang,80,,
02/02/2020,9:00,Jiangxi,286,,
02/02/2020,9:00,Guangdong,604,,
02/02/2020,9:00,Guizhou,38,,
02/02/2020,9:00,Shanghai,177,,
02/02/2020,9:00,Shandong,206,,
02/02/2020,9:00,Guangxi Zhuang Autonomous Region,111,,
02/02/2020,9:00,Yunnan,93,,
02/02/2020,9:00,Inner Mongolia Autonomous Region,23,,
02/02/2020,9:00,Zhejiang,599,,
02/02/2020,9:00,Henan,493,,
02/02/2020,9:00,Hebei,104,,
02/02/2020,9:00,Hainan,63,,
02/02/2020,9:00,Jilin,17,,
02/02/2020,9:00,Shanxi,56,,
02/02/2020,9:00,Ningxia Hui Autonomous Region,26,,
02/02/2020,9:00,Jiangsu,202,,
02/02/2020,9:00,Xinjiang Uygur Autonomous Region,18,,
02/02/2020,9:00,Qinghai,9,,
02/02/2020,9:00,Tibet Autonomous Region,1,,
02/02/2020,18:00,Beijing,191,,
02/02/2020,18:00,Liaoning,69,,
02/02/2020,18:00,Anhui,340,,
02/02/2020,18:00,Chongqing,275,,
02/02/2020,18:00,Shaanxi,116,,
02/02/2020,18:00,Tianjin,48,,
02/02/2020,18:00,Fujian,159,,
02/02/2020,18:00,Hunan,463,,
02/02/2020,18:00,Sichuan,231,,
02/02/2020,18:00,Gansu,40,,
02/02/2020,18:00,Heilongjiang,95,,
02/02/2020,18:00,Jiangxi,333,,
02/02/2020,18:00,Guangdong,632,,
02/02/2020,18:00,Guizhou,38,,
02/02/2020,18:00,Shanghai,182,,
02/02/2020,18:00,Shandong,230,,
02/02/2020,18:00,Guangxi Zhuang Autonomous Region,111,,
02/02/2020,18:00,Yunnan,99,,
02/02/2020,18:00,Inner Mongolia Autonomous Region,27,,
02/02/2020,18:00,Zhejiang,661,,
02/02/2020,18:00,Henan,493,,
02/02/2020,18:00,Hebei,104,,
02/02/2020,18:00,Hainan,64,,
02/02/2020,18:00,Jilin,23,,
02/02/2020,18:00,Shanxi,56,,
02/02/2020,18:00,Ningxia Hui Autonomous Region,28,,
02/02/2020,18:00,Jiangsu,236,,
02/02/2020,18:00,Xinjiang Uygur Autonomous Region,21,,
02/02/2020,18:00,Qinghai,11,,
02/02/2020,18:00,Tibet Autonomous Region,1,,
02/02/2020,23:59,Hubei,11177,,
03/02/2020,9:00,Beijing,191,,
03/02/2020,9:00,Liaoning,70,,
03/02/2020,9:00,Anhui,408,,
03/02/2020,9:00,Chongqing,300,,
03/02/2020,9:00,Shaanxi,116,,
03/02/2020,9:00,Tianjin,48,,
03/02/2020,9:00,Fujian,159,,
03/02/2020,9:00,Hunan,463,,
03/02/2020,9:00,Sichuan,254,,
03/02/2020,9:00,Gansu,51,,
03/02/2020,9:00,Heilongjiang,118,,
03/02/2020,9:00,Jiangxi,391,,
03/02/2020,9:00,Guangdong,683,,
03/02/2020,9:00,Guizhou,46,,
03/02/2020,9:00,Shanghai,193,,
03/02/2020,9:00,Shandong,246,,
03/02/2020,9:00,Guangxi Zhuang Autonomous Region,127,,
03/02/2020,9:00,Yunnan,105,,
03/02/2020,9:00,Inner Mongolia Autonomous Region,27,,
03/02/2020,9:00,Zhejiang,724,,
03/02/2020,9:00,Henan,566,,
03/02/2020,9:00,Hebei,113,,
03/02/2020,9:00,Hainan,71,,
03/02/2020,9:00,Jilin,31,,
03/02/2020,9:00,Shanxi,66,,
03/02/2020,9:00,Ningxia Hui Autonomous Region,28,,
03/02/2020,9:00,Jiangsu,271,,
03/02/2020,9:00,Xinjiang Uygur Autonomous Region,24,,
03/02/2020,9:00,Qinghai,11,,
03/02/2020,9:00,Tibet Autonomous Region,1,,
03/02/2020,18:00,Beijing,212,,
03/02/2020,18:00,Liaoning,73,,
03/02/2020,18:00,Anhui,408,,
03/02/2020,18:00,Chongqing,312,,
03/02/2020,18:00,Shaanxi,128,,
03/02/2020,18:00,Tianjin,56,,
03/02/2020,18:00,Fujian,179,,
03/02/2020,18:00,Hunan,521,,
03/02/2020,18:00,Sichuan,254,,
03/02/2020,18:00,Gansu,51,,
03/02/2020,18:00,Heilongjiang,121,,
03/02/2020,18:00,Jiangxi,391,,
03/02/2020,18:00,Guangdong,725,,
03/02/2020,18:00,Guizhou,46,,
03/02/2020,18:00,Shanghai,203,,
03/02/2020,18:00,Shandong,259,,
03/02/2020,18:00,Guangxi Zhuang Autonomous Region,127,,
03/02/2020,18:00,Yunnan,114,,
03/02/2020,18:00,Inner Mongolia Autonomous Region,34,,
03/02/2020,18:00,Zhejiang,724,,
03/02/2020,18:00,Henan,566,,
03/02/2020,18:00,Hebei,113,,
03/02/2020,18:00,Hainan,71,,
03/02/2020,18:00,Jilin,31,,
03/02/2020,18:00,Shanxi,66,,
03/02/2020,18:00,Ningxia Hui Autonomous Region,31,,
03/02/2020,18:00,Jiangsu,271,,
03/02/2020,18:00,Xinjiang Uygur Autonomous Region,24,,
03/02/2020,18:00,Qinghai,13,,
03/02/2020,18:00,Tibet Autonomous Region,1,,
03/02/2020,23:59,Hubei,13522,,
04/02/2020,9:00,Beijing,212,,
04/02/2020,9:00,Liaoning,74,,
04/02/2020,9:00,Anhui,480,,
04/02/2020,9:00,Chongqing,337,,
04/02/2020,9:00,Shaanxi,128,,
04/02/2020,9:00,Tianjin,60,,
04/02/2020,9:00,Fujian,179,,
04/02/2020,9:00,Hunan,521,,
04/02/2020,9:00,Sichuan,254,,
04/02/2020,9:00,Gansu,55,,
04/02/2020,9:00,Heilongjiang,155,,
04/02/2020,9:00,Jiangxi,391,,
04/02/2020,9:00,Guangdong,797,,
04/02/2020,9:00,Guizhou,46,,
04/02/2020,9:00,Shanghai,208,,
04/02/2020,9:00,Shandong,259,,
04/02/2020,9:00,Guangxi Zhuang Autonomous Region,139,,
04/02/2020,9:00,Yunnan,117,,
04/02/2020,9:00,Inner Mongolia Autonomous Region,34,,
04/02/2020,9:00,Zhejiang,724,,
04/02/2020,9:00,Henan,675,,
04/02/2020,9:00,Hebei,126,,
04/02/2020,9:00,Hainan,79,,
04/02/2020,9:00,Jilin,42,,
04/02/2020,9:00,Shanxi,74,,
04/02/2020,9:00,Ningxia Hui Autonomous Region,31,,
04/02/2020,9:00,Jiangsu,271,,
04/02/2020,9:00,Xinjiang Uygur Autonomous Region,24,,
04/02/2020,9:00,Qinghai,13,,
04/02/2020,9:00,Tibet Autonomous Region,1,,
04/02/2020,18:00,Beijing,228,,
04/02/2020,18:00,Liaoning,77,,
04/02/2020,18:00,Anhui,480,,
04/02/2020,18:00,Chongqing,344,,
04/02/2020,18:00,Shaanxi,142,,
04/02/2020,18:00,Tianjin,66,,
04/02/2020,18:00,Fujian,194,,
04/02/2020,18:00,Hunan,593,,
04/02/2020,18:00,Sichuan,282,,
04/02/2020,18:00,Gansu,55,,
04/02/2020,18:00,Heilongjiang,155,,
04/02/2020,18:00,Jiangxi,476,,
04/02/2020,18:00,Guangdong,813,,
04/02/2020,18:00,Guizhou,56,,
04/02/2020,18:00,Shanghai,219,,
04/02/2020,18:00,Shandong,275,,
04/02/2020,18:00,Guangxi Zhuang Autonomous Region,139,,
04/02/2020,18:00,Yunnan,119,,
04/02/2020,18:00,Inner Mongolia Autonomous Region,35,,
04/02/2020,18:00,Zhejiang,829,,
04/02/2020,18:00,Henan,675,,
04/02/2020,18:00,Hebei,126,,
04/02/2020,18:00,Hainan,80,,
04/02/2020,18:00,Jilin,42,,
04/02/2020,18:00,Shanxi,74,,
04/02/2020,18:00,Ningxia Hui Autonomous Region,34,,
04/02/2020,18:00,Jiangsu,308,,
04/02/2020,18:00,Xinjiang Uygur Autonomous Region,29,,
04/02/2020,18:00,Qinghai,15,,
04/02/2020,18:00,Tibet Autonomous Region,1,,
04/02/2020,23:59,Hubei,16678,,
05/02/2020,9:00,Beijing,228,,
05/02/2020,9:00,Liaoning,81,,
05/02/2020,9:00,Anhui,480,,
05/02/2020,9:00,Chongqing,366,,
05/02/2020,9:00,Shaanxi,142,,
05/02/2020,9:00,Tianjin,67,,
05/02/2020,9:00,Fujian,194,,
05/02/2020,9:00,Hunan,593,,
05/02/2020,9:00,Sichuan,301,,
05/02/2020,9:00,Gansu,57,,
05/02/2020,9:00,Heilongjiang,190,,
05/02/2020,9:00,Jiangxi,476,,
05/02/2020,9:00,Guangdong,870,,
05/02/2020,9:00,Guizhou,64,,
05/02/2020,9:00,Shanghai,233,,
05/02/2020,9:00,Shandong,298,,
05/02/2020,9:00,Guangxi Zhuang Autonomous Region,150,,
05/02/2020,9:00,Yunnan,122,,
05/02/2020,9:00,Inner Mongolia Autonomous Region,35,,
05/02/2020,9:00,Zhejiang,829,,
05/02/2020,9:00,Henan,764,,
05/02/2020,9:00,Hebei,135,,
05/02/2020,9:00,Hainan,80,,
05/02/2020,9:00,Jilin,54,,
05/02/2020,9:00,Shanxi,81,,
05/02/2020,9:00,Ningxia Hui Autonomous Region,34,,
05/02/2020,9:00,Jiangsu,308,,
05/02/2020,9:00,Xinjiang Uygur Autonomous Region,29,,
05/02/2020,9:00,Qinghai,15,,
05/02/2020,9:00,Tibet Autonomous Region,1,,
05/02/2020,18:00,Beijing,253,,
05/02/2020,18:00,Liaoning,81,,
05/02/2020,18:00,Anhui,530,,
05/02/2020,18:00,Chongqing,376,,
05/02/2020,18:00,Shaanxi,165,,
05/02/2020,18:00,Tianjin,69,,
05/02/2020,18:00,Fujian,205,,
05/02/2020,18:00,Hunan,661,,
05/02/2020,18:00,Sichuan,301,,
05/02/2020,18:00,Gansu,57,,
05/02/2020,18:00,Heilongjiang,190,,
05/02/2020,18:00,Jiangxi,548,,
05/02/2020,18:00,Guangdong,895,,
05/02/2020,18:00,Guizhou,64,,
05/02/2020,18:00,Shanghai,243,,
05/02/2020,18:00,Shandong,307,,
05/02/2020,18:00,Guangxi Zhuang Autonomous Region,150,,
05/02/2020,18:00,Yunnan,124,,
05/02/2020,18:00,Inner Mongolia Autonomous Region,42,,
05/02/2020,18:00,Zhejiang,895,,
05/02/2020,18:00,Henan,764,,
05/02/2020,18:00,Hebei,135,,
05/02/2020,18:00,Hainan,91,,
05/02/2020,18:00,Jilin,54,,
05/02/2020,18:00,Shanxi,81,,
05/02/2020,18:00,Ningxia Hui Autonomous Region,34,,
05/02/2020,18:00,Jiangsu,341,,
05/02/2020,18:00,Xinjiang Uygur Autonomous Region,32,,
05/02/2020,18:00,Qinghai,17,,
05/02/2020,18:00,Tibet Autonomous Region,1,,
05/02/2020,23:59,Hubei,19665,,
06/02/2020,9:00,Beijing,253,,
06/02/2020,9:00,Liaoning,89,,
06/02/2020,9:00,Anhui,591,,
06/02/2020,9:00,Chongqing,389,,
06/02/2020,9:00,Shaanxi,165,,
06/02/2020,9:00,Tianjin,73,,
06/02/2020,9:00,Fujian,205,,
06/02/2020,9:00,Hunan,711,,
06/02/2020,9:00,Sichuan,321,,
06/02/2020,9:00,Gansu,62,,
06/02/2020,9:00,Heilongjiang,227,,
06/02/2020,9:00,Jiangxi,548,,
06/02/2020,9:00,Guangdong,944,,
06/02/2020,9:00,Guizhou,69,,
06/02/2020,9:00,Shanghai,254,,
06/02/2020,9:00,Shandong,343,,
06/02/2020,9:00,Guangxi Zhuang Autonomous Region,168,,
06/02/2020,9:00,Yunnan,128,,
06/02/2020,9:00,Inner Mongolia Autonomous Region,42,,
06/02/2020,9:00,Zhejiang,895,,
06/02/2020,9:00,Henan,851,,
06/02/2020,9:00,Hebei,157,,
06/02/2020,9:00,Hainan,105,,
06/02/2020,9:00,Jilin,59,,
06/02/2020,9:00,Shanxi,90,,
06/02/2020,9:00,Ningxia Hui Autonomous Region,34,,
06/02/2020,9:00,Jiangsu,373,,
06/02/2020,9:00,Xinjiang Uygur Autonomous Region,32,,
06/02/2020,9:00,Qinghai,17,,
06/02/2020,9:00,Tibet Autonomous Region,1,,
06/02/2020,18:00,Beijing,274,,
06/02/2020,18:00,Liaoning,89,,
06/02/2020,18:00,Anhui,591,,
06/02/2020,18:00,Chongqing,400,,
06/02/2020,18:00,Shaanxi,173,,
06/02/2020,18:00,Tianjin,78,,
06/02/2020,18:00,Fujian,215,,
06/02/2020,18:00,Hunan,711,,
06/02/2020,18:00,Sichuan,321,,
06/02/2020,18:00,Gansu,62,,
06/02/2020,18:00,Heilongjiang,227,,
06/02/2020,18:00,Jiangxi,600,,
06/02/2020,18:00,Guangdong,970,,
06/02/2020,18:00,Guizhou,71,,
06/02/2020,18:00,Shanghai,257,,
06/02/2020,18:00,Shandong,347,,
06/02/2020,18:00,Guangxi Zhuang Autonomous Region,168,,
06/02/2020,18:00,Yunnan,133,,
06/02/2020,18:00,Inner Mongolia Autonomous Region,46,,
06/02/2020,18:00,Zhejiang,954,,
06/02/2020,18:00,Henan,851,,
06/02/2020,18:00,Hebei,157,,
06/02/2020,18:00,Hainan,106,,
06/02/2020,18:00,Jilin,59,,
06/02/2020,18:00,Shanxi,90,,
06/02/2020,18:00,Ningxia Hui Autonomous Region,40,,
06/02/2020,18:00,Jiangsu,373,,
06/02/2020,18:00,Xinjiang Uygur Autonomous Region,36,,
06/02/2020,18:00,Qinghai,18,,
06/02/2020,18:00,Tibet Autonomous Region,1,,
06/02/2020,23:59,Hubei,22112,,
07/02/2020,9:00,Beijing,274,,
07/02/2020,9:00,Liaoning,94,,
07/02/2020,9:00,Anhui,591,,
07/02/2020,9:00,Chongqing,411,,
07/02/2020,9:00,Shaanxi,173,,
07/02/2020,9:00,Tianjin,79,,
07/02/2020,9:00,Fujian,215,,
07/02/2020,9:00,Hunan,711,,
07/02/2020,9:00,Sichuan,344,,
07/02/2020,9:00,Gansu,67,,
07/02/2020,9:00,Heilongjiang,227,,
07/02/2020,9:00,Jiangxi,600,,
07/02/2020,9:00,Guangdong,1018,,
07/02/2020,9:00,Guizhou,71,,
07/02/2020,9:00,Shanghai,269,,
07/02/2020,9:00,Shandong,379,,
07/02/2020,9:00,Guangxi Zhuang Autonomous Region,172,,
07/02/2020,9:00,Yunnan,135,,
07/02/2020,9:00,Inner Mongolia Autonomous Region,46,,
07/02/2020,9:00,Zhejiang,954,,
07/02/2020,9:00,Henan,914,,
07/02/2020,9:00,Hebei,171,,
07/02/2020,9:00,Hainan,114,,
07/02/2020,9:00,Jilin,65,,
07/02/2020,9:00,Shanxi,96,,
07/02/2020,9:00,Ningxia Hui Autonomous Region,40,,
07/02/2020,9:00,Jiangsu,373,,
07/02/2020,9:00,Xinjiang Uygur Autonomous Region,36,,
07/02/2020,9:00,Qinghai,18,,
07/02/2020,9:00,Tibet Autonomous Region,1,,
07/02/2020,18:00,Beijing,297,,
07/02/2020,18:00,Liaoning,95,,
07/02/2020,18:00,Anhui,665,,
07/02/2020,18:00,Chongqing,415,,
07/02/2020,18:00,Shaanxi,184,,
07/02/2020,18:00,Tianjin,81,,
07/02/2020,18:00,Fujian,224,,
07/02/2020,18:00,Hunan,772,,
07/02/2020,18:00,Sichuan,344,,
07/02/2020,18:00,Gansu,67,,
07/02/2020,18:00,Heilongjiang,277,,
07/02/2020,18:00,Jiangxi,661,,
07/02/2020,18:00,Guangdong,1034,,
07/02/2020,18:00,Guizhou,77,,
07/02/2020,18:00,Shanghai,277,,
07/02/2020,18:00,Shandong,386,,
07/02/2020,18:00,Guangxi Zhuang Autonomous Region,172,,
07/02/2020,18:00,Yunnan,136,,
07/02/2020,18:00,Inner Mongolia Autonomous Region,50,,
07/02/2020,18:00,Zhejiang,1006,,
07/02/2020,18:00,Henan,914,,
07/02/2020,18:00,Hebei,172,,
07/02/2020,18:00,Hainan,115,,
07/02/2020,18:00,Jilin,65,,
07/02/2020,18:00,Shanxi,96,,
07/02/2020,18:00,Ningxia Hui Autonomous Region,43,,
07/02/2020,18:00,Jiangsu,408,,
07/02/2020,18:00,Xinjiang Uygur Autonomous Region,39,,
07/02/2020,18:00,Qinghai,18,,
07/02/2020,18:00,Tibet Autonomous Region,1,,
07/02/2020,23:59,Hubei,24953,,
08/02/2020,9:00,Beijing,297,,
08/02/2020,9:00,Liaoning,99,,
08/02/2020,9:00,Anhui,733,,
08/02/2020,9:00,Chongqing,426,,
08/02/2020,9:00,Shaanxi,184,,
08/02/2020,9:00,Tianjin,81,,
08/02/2020,9:00,Fujian,224,,
08/02/2020,9:00,Hunan,772,,
08/02/2020,9:00,Sichuan,344,,
08/02/2020,9:00,Gansu,71,,
08/02/2020,9:00,Heilongjiang,277,,
08/02/2020,9:00,Jiangxi,661,,
08/02/2020,9:00,Guangdong,1075,,
08/02/2020,9:00,Guizhou,81,,
08/02/2020,9:00,Shanghai,281,,
08/02/2020,9:00,Shandong,407,,
08/02/2020,9:00,Guangxi Zhuang Autonomous Region,183,,
08/02/2020,9:00,Yunnan,138,,
08/02/2020,9:00,Inner Mongolia Autonomous Region,50,,
08/02/2020,9:00,Zhejiang,1006,,
08/02/2020,9:00,Henan,981,,
08/02/2020,9:00,Hebei,195,,
08/02/2020,9:00,Hainan,124,,
08/02/2020,9:00,Jilin,69,,
08/02/2020,9:00,Shanxi,104,,
08/02/2020,9:00,Ningxia Hui Autonomous Region,43,,
08/02/2020,9:00,Jiangsu,408,,
08/02/2020,9:00,Xinjiang Uygur Autonomous Region,39,,
08/02/2020,9:00,Qinghai,18,,
08/02/2020,9:00,Tibet Autonomous Region,1,,
08/02/2020,18:00,Beijing,315,,
08/02/2020,18:00,Liaoning,103,,
08/02/2020,18:00,Anhui,733,,
08/02/2020,18:00,Chongqing,428,,
08/02/2020,18:00,Shaanxi,195,,
08/02/2020,18:00,Tianjin,88,,
08/02/2020,18:00,Fujian,239,,
08/02/2020,18:00,Hunan,803,,
08/02/2020,18:00,Sichuan,363,,
08/02/2020,18:00,Gansu,71,,
08/02/2020,18:00,Heilongjiang,295,,
08/02/2020,18:00,Jiangxi,698,,
08/02/2020,18:00,Guangdong,1095,,
08/02/2020,18:00,Guizhou,89,,
08/02/2020,18:00,Shanghai,286,,
08/02/2020,18:00,Shandong,416,,
08/02/2020,18:00,Guangxi Zhuang Autonomous Region,183,,
08/02/2020,18:00,Yunnan,138,,
08/02/2020,18:00,Inner Mongolia Autonomous Region,52,,
08/02/2020,18:00,Zhejiang,1048,,
08/02/2020,18:00,Henan,981,,
08/02/2020,18:00,Hebei,195,,
08/02/2020,18:00,Hainan,124,,
08/02/2020,18:00,Jilin,69,,
08/02/2020,18:00,Shanxi,104,,
08/02/2020,18:00,Ningxia Hui Autonomous Region,45,,
08/02/2020,18:00,Jiangsu,439,,
08/02/2020,18:00,Xinjiang Uygur Autonomous Region,42,,
08/02/2020,18:00,Qinghai,18,,
08/02/2020,18:00,Tibet Autonomous Region,1,,
08/02/2020,23:59,Hubei,27100,,
09/02/2020,9:00,Beijing,315,,
09/02/2020,9:00,Liaoning,105,,
09/02/2020,9:00,Anhui,733,,
09/02/2020,9:00,Chongqing,446,,
09/02/2020,9:00,Shaanxi,195,,
09/02/2020,9:00,Tianjin,88,,
09/02/2020,9:00,Fujian,239,,
09/02/2020,9:00,Hunan,838,,
09/02/2020,9:00,Sichuan,386,,
09/02/2020,9:00,Gansu,79,,
09/02/2020,9:00,Heilongjiang,307,,
09/02/2020,9:00,Jiangxi,698,,
09/02/2020,9:00,Guangdong,1120,,
09/02/2020,9:00,Guizhou,89,,
09/02/2020,9:00,Shanghai,292,,
09/02/2020,9:00,Shandong,416,,
09/02/2020,9:00,Guangxi Zhuang Autonomous Region,195,,
09/02/2020,9:00,Yunnan,140,,
09/02/2020,9:00,Inner Mongolia Autonomous Region,52,,
09/02/2020,9:00,Zhejiang,1048,,
09/02/2020,9:00,Henan,1033,,
09/02/2020,9:00,Hebei,206,,
09/02/2020,9:00,Hainan,128,,
09/02/2020,9:00,Jilin,78,,
09/02/2020,9:00,Shanxi,115,,
09/02/2020,9:00,Ningxia Hui Autonomous Region,45,,
09/02/2020,9:00,Jiangsu,468,,
09/02/2020,9:00,Xinjiang Uygur Autonomous Region,45,,
09/02/2020,9:00,Qinghai,18,,
09/02/2020,9:00,Tibet Autonomous Region,1,,
09/02/2020,18:00,Beijing,326,,
09/02/2020,18:00,Liaoning,105,,
09/02/2020,18:00,Anhui,779,,
09/02/2020,18:00,Chongqing,450,,
09/02/2020,18:00,Shaanxi,208,,
09/02/2020,18:00,Tianjin,90,,
09/02/2020,18:00,Fujian,250,,
09/02/2020,18:00,Hunan,838,,
09/02/2020,18:00,Sichuan,386,,
09/02/2020,18:00,Gansu,79,,
09/02/2020,18:00,Heilongjiang,307,,
09/02/2020,18:00,Jiangxi,740,,
09/02/2020,18:00,Guangdong,1131,,
09/02/2020,18:00,Guizhou,99,,
09/02/2020,18:00,Shanghai,293,,
09/02/2020,18:00,Shandong,444,,
09/02/2020,18:00,Guangxi Zhuang Autonomous Region,195,,
09/02/2020,18:00,Yunnan,141,,
09/02/2020,18:00,Inner Mongolia Autonomous Region,54,,
09/02/2020,18:00,Zhejiang,1075,,
09/02/2020,18:00,Henan,1033,,
09/02/2020,18:00,Hebei,206,,
09/02/2020,18:00,Hainan,130,,
09/02/2020,18:00,Jilin,78,,
09/02/2020,18:00,Shanxi,115,,
09/02/2020,18:00,Ningxia Hui Autonomous Region,45,,
09/02/2020,18:00,Jiangsu,468,,
09/02/2020,18:00,Xinjiang Uygur Autonomous Region,45,,
09/02/2020,18:00,Qinghai,18,,
09/02/2020,18:00,Tibet Autonomous Region,1,,
09/02/2020,23:59,Hubei,29631,871,
10/02/2020,9:00,Beijing,326,,
10/02/2020,9:00,Liaoning,107,,
10/02/2020,9:00,Anhui,779,,
10/02/2020,9:00,Chongqing,468,,
10/02/2020,9:00,Shaanxi,208,,
10/02/2020,9:00,Tianjin,91,,
10/02/2020,9:00,Fujian,250,,
10/02/2020,9:00,Hunan,838,,
10/02/2020,9:00,Sichuan,405,,
10/02/2020,9:00,Gansu,83,,
10/02/2020,9:00,Heilongjiang,331,,
10/02/2020,9:00,Jiangxi,740,,
10/02/2020,9:00,Guangdong,1151,,
10/02/2020,9:00,Guizhou,99,,
10/02/2020,9:00,Shanghai,295,,
10/02/2020,9:00,Shandong,459,,
10/02/2020,9:00,Guangxi Zhuang Autonomous Region,210,,
10/02/2020,9:00,Yunnan,141,,
10/02/2020,9:00,Inner Mongolia Autonomous Region,54,,
10/02/2020,9:00,Zhejiang,1075,,
10/02/2020,9:00,Henan,1073,,
10/02/2020,9:00,Hebei,218,,
10/02/2020,9:00,Hainan,136,,
10/02/2020,9:00,Jilin,80,,
10/02/2020,9:00,Shanxi,119,,
10/02/2020,9:00,Ningxia Hui Autonomous Region,45,,
10/02/2020,9:00,Jiangsu,468,,
10/02/2020,9:00,Xinjiang Uygur Autonomous Region,49,,
10/02/2020,9:00,Qinghai,18,,
10/02/2020,9:00,Tibet Autonomous Region,1,,
10/02/2020,18:00,Beijing,337,2,
10/02/2020,18:00,Liaoning,108,0,
10/02/2020,18:00,Anhui,830,3,
10/02/2020,18:00,Chongqing,473,2,
10/02/2020,18:00,Shaanxi,213,0,
10/02/2020,18:00,Tianjin,94,1,
10/02/2020,18:00,Fujian,261,0,
10/02/2020,18:00,Hunan,879,1,
10/02/2020,18:00,Sichuan,405,1,
10/02/2020,18:00,Gansu,83,2,
10/02/2020,18:00,Heilongjiang,331,7,
10/02/2020,18:00,Jiangxi,771,1,
10/02/2020,18:00,Guangdong,1159,1,
10/02/2020,18:00,Guizhou,109,1,
10/02/2020,18:00,Shanghai,299,1,
10/02/2020,18:00,Shandong,466,1,
10/02/2020,18:00,Guangxi Zhuang Autonomous Region,210,1,
10/02/2020,18:00,Yunnan,149,0,
10/02/2020,18:00,Inner Mongolia Autonomous Region,58,0,
10/02/2020,18:00,Zhejiang,1092,0,
10/02/2020,18:00,Henan,1073,6,
10/02/2020,18:00,Hebei,218,2,
10/02/2020,18:00,Hainan,138,3,
10/02/2020,18:00,Jilin,80,1,
10/02/2020,18:00,Shanxi,119,0,
10/02/2020,18:00,Ningxia Hui Autonomous Region,49,0,
10/02/2020,18:00,Jiangsu,492,0,
10/02/2020,18:00,Xinjiang Uygur Autonomous Region,49,0,
10/02/2020,18:00,Qinghai,18,0,
10/02/2020,18:00,Tibet Autonomous Region,1,0,
10/02/2020,23:59,Hubei,31728,974,
11/02/2020,9:00,Beijing,337,3,
11/02/2020,9:00,Liaoning,108,0,
11/02/2020,9:00,Anhui,860,4,
11/02/2020,9:00,Chongqing,486,2,
11/02/2020,9:00,Shaanxi,213,0,
11/02/2020,9:00,Tianjin,95,2,
11/02/2020,9:00,Fujian,261,0,
11/02/2020,9:00,Hunan,879,1,
11/02/2020,9:00,Sichuan,405,1,
11/02/2020,9:00,Gansu,86,2,
11/02/2020,9:00,Heilongjiang,360,8,
11/02/2020,9:00,Jiangxi,771,1,
11/02/2020,9:00,Guangdong,1177,1,
11/02/2020,9:00,Guizhou,109,1,
11/02/2020,9:00,Shanghai,302,1,
11/02/2020,9:00,Shandong,486,1,
11/02/2020,9:00,Guangxi Zhuang Autonomous Region,215,1,
11/02/2020,9:00,Yunnan,149,0,
11/02/2020,9:00,Inner Mongolia Autonomous Region,58,0,
11/02/2020,9:00,Zhejiang,1092,0,
11/02/2020,9:00,Henan,1105,7,
11/02/2020,9:00,Hebei,239,2,
11/02/2020,9:00,Hainan,138,3,
11/02/2020,9:00,Jilin,81,1,
11/02/2020,9:00,Shanxi,122,0,
11/02/2020,9:00,Ningxia Hui Autonomous Region,49,0,
11/02/2020,9:00,Jiangsu,492,0,
11/02/2020,9:00,Xinjiang Uygur Autonomous Region,55,0,
11/02/2020,9:00,Qinghai,18,0,
11/02/2020,9:00,Tibet Autonomous Region,1,0,
11/02/2020,18:00,Beijing,342,3,
11/02/2020,18:00,Liaoning,108,0,
11/02/2020,18:00,Anhui,860,4,
11/02/2020,18:00,Chongqing,489,2,
11/02/2020,18:00,Shaanxi,219,0,
11/02/2020,18:00,Tianjin,104,2,
11/02/2020,18:00,Fujian,267,0,
11/02/2020,18:00,Hunan,912,1,
11/02/2020,18:00,Sichuan,417,1,
11/02/2020,18:00,Gansu,86,2,
11/02/2020,18:00,Heilongjiang,360,8,
11/02/2020,18:00,Jiangxi,804,1,
11/02/2020,18:00,Guangdong,1177,1,
11/02/2020,18:00,Guizhou,118,1,
11/02/2020,18:00,Shanghai,303,1,
11/02/2020,18:00,Shandong,487,1,
11/02/2020,18:00,Guangxi Zhuang Autonomous Region,215,1,
11/02/2020,18:00,Yunnan,149,0,
11/02/2020,18:00,Inner Mongolia Autonomous Region,58,0,
11/02/2020,18:00,Zhejiang,1117,0,
11/02/2020,18:00,Henan,1105,7,
11/02/2020,18:00,Hebei,239,2,
11/02/2020,18:00,Hainan,142,3,
11/02/2020,18:00,Jilin,81,1,
11/02/2020,18:00,Shanxi,122,0,
11/02/2020,18:00,Ningxia Hui Autonomous Region,53,0,
11/02/2020,18:00,Jiangsu,515,0,
11/02/2020,18:00,Xinjiang Uygur Autonomous Region,55,0,
11/02/2020,18:00,Qinghai,18,0,
11/02/2020,18:00,Tibet Autonomous Region,1,0,
11/02/2020,23:59,Hubei,33366,1068,
12/02/2020,9:00,Beijing,342,3,
12/02/2020,9:00,Liaoning,116,0,
12/02/2020,9:00,Anhui,889,4,
12/02/2020,9:00,Chongqing,505,3,
12/02/2020,9:00,Shaanxi,219,0,
12/02/2020,9:00,Tianjin,106,2,
12/02/2020,9:00,Fujian,272,0,
12/02/2020,9:00,Hunan,912,2,
12/02/2020,9:00,Sichuan,436,1,
12/02/2020,9:00,Gansu,86,2,
12/02/2020,9:00,Heilongjiang,378,8,
12/02/2020,9:00,Jiangxi,804,1,
12/02/2020,9:00,Guangdong,1219,1,
12/02/2020,9:00,Guizhou,127,1,
12/02/2020,9:00,Shanghai,306,1,
12/02/2020,9:00,Shandong,487,1,
12/02/2020,9:00,Guangxi Zhuang Autonomous Region,222,1,
12/02/2020,9:00,Yunnan,153,0,
12/02/2020,9:00,Inner Mongolia Autonomous Region,58,0,
12/02/2020,9:00,Zhejiang,1117,0,
12/02/2020,9:00,Henan,1135,8,
12/02/2020,9:00,Hebei,251,2,
12/02/2020,9:00,Hainan,151,3,
12/02/2020,9:00,Jilin,83,1,
12/02/2020,9:00,Shanxi,124,0,
12/02/2020,9:00,Ningxia Hui Autonomous Region,53,0,
12/02/2020,9:00,Jiangsu,515,0,
12/02/2020,9:00,Xinjiang Uygur Autonomous Region,55,0,
12/02/2020,9:00,Qinghai,18,0,
12/02/2020,9:00,Tibet Autonomous Region,1,0,
12/02/2020,18:00,Beijing,352,3,
12/02/2020,18:00,Liaoning,116,0,
12/02/2020,18:00,Anhui,889,4,
12/02/2020,18:00,Chongqing,509,3,
12/02/2020,18:00,Shaanxi,225,0,
12/02/2020,18:00,Tianjin,110,2,
12/02/2020,18:00,Fujian,272,0,
12/02/2020,18:00,Hunan,946,2,
12/02/2020,18:00,Sichuan,436,1,
12/02/2020,18:00,Gansu,86,2,
12/02/2020,18:00,Heilongjiang,378,8,
12/02/2020,18:00,Jiangxi,844,1,
12/02/2020,18:00,Guangdong,1219,1,
12/02/2020,18:00,Guizhou,133,1,
12/02/2020,18:00,Shanghai,311,1,
12/02/2020,18:00,Shandong,497,2,
12/02/2020,18:00,Guangxi Zhuang Autonomous Region,222,1,
12/02/2020,18:00,Yunnan,157,3,
12/02/2020,18:00,Inner Mongolia Autonomous Region,60,0,
12/02/2020,18:00,Zhejiang,1131,0,
12/02/2020,18:00,Henan,1135,8,
12/02/2020,18:00,Hebei,251,2,
12/02/2020,18:00,Hainan,151,3,
12/02/2020,18:00,Jilin,83,1,
12/02/2020,18:00,Shanxi,124,0,
12/02/2020,18:00,Ningxia Hui Autonomous Region,58,0,
12/02/2020,18:00,Jiangsu,543,0,
12/02/2020,18:00,Xinjiang Uygur Autonomous Region,59,0,
12/02/2020,18:00,Qinghai,18,0,
12/02/2020,18:00,Tibet Autonomous Region,1,0,
12/02/2020,23:59,Hubei,48206,1310,
13/02/2020,9:00,Beijing,352,3,
13/02/2020,9:00,Liaoning,116,1,
13/02/2020,9:00,Anhui,889,4,
13/02/2020,9:00,Chongqing,518,3,
13/02/2020,9:00,Shaanxi,225,0,
13/02/2020,9:00,Tianjin,112,2,
13/02/2020,9:00,Fujian,272,0,
13/02/2020,9:00,Hunan,946,2,
13/02/2020,9:00,Sichuan,436,1,
13/02/2020,9:00,Gansu,87,2,
13/02/2020,9:00,Heilongjiang,395,9,
13/02/2020,9:00,Jiangxi,844,1,
13/02/2020,9:00,Guangdong,1241,2,
13/02/2020,9:00,Guizhou,133,1,
13/02/2020,9:00,Shanghai,313,1,
13/02/2020,9:00,Shandong,497,2,
13/02/2020,9:00,Guangxi Zhuang Autonomous Region,222,2,
13/02/2020,9:00,Yunnan,154,0,
13/02/2020,9:00,Inner Mongolia Autonomous Region,60,0,
13/02/2020,9:00,Zhejiang,1131,0,
13/02/2020,9:00,Henan,1135,8,
13/02/2020,9:00,Hebei,265,3,
13/02/2020,9:00,Hainan,157,4,
13/02/2020,9:00,Jilin,84,1,
13/02/2020,9:00,Shanxi,126,0,
13/02/2020,9:00,Ningxia Hui Autonomous Region,58,0,
13/02/2020,9:00,Jiangsu,543,0,
13/02/2020,9:00,Xinjiang Uygur Autonomous Region,59,0,
13/02/2020,9:00,Qinghai,18,0,
13/02/2020,9:00,Tibet Autonomous Region,1,0,
13/02/2020,18:00,Beijing,366,3,
13/02/2020,18:00,Liaoning,116,1,
13/02/2020,18:00,Anhui,910,5,
13/02/2020,18:00,Chongqing,525,3,
13/02/2020,18:00,Shaanxi,229,0,
13/02/2020,18:00,Tianjin,117,3,
13/02/2020,18:00,Fujian,279,0,
13/02/2020,18:00,Hunan,968,2,
13/02/2020,18:00,Sichuan,451,1,
13/02/2020,18:00,Gansu,87,2,
13/02/2020,18:00,Heilongjiang,395,9,
13/02/2020,18:00,Jiangxi,872,1,
13/02/2020,18:00,Guangdong,1241,2,
13/02/2020,18:00,Guizhou,135,1,
13/02/2020,18:00,Shanghai,315,1,
13/02/2020,18:00,Shandong,509,2,
13/02/2020,18:00,Guangxi Zhuang Autonomous Region,222,2,
13/02/2020,18:00,Yunnan,156,0,
13/02/2020,18:00,Inner Mongolia Autonomous Region,61,0,
13/02/2020,18:00,Zhejiang,1145,0,
13/02/2020,18:00,Henan,1169,10,
13/02/2020,18:00,Hebei,265,3,
13/02/2020,18:00,Hainan,157,4,
13/02/2020,18:00,Jilin,84,1,
13/02/2020,18:00,Shanxi,126,0,
13/02/2020,18:00,Ningxia Hui Autonomous Region,64,0,
13/02/2020,18:00,Jiangsu,570,0,
13/02/2020,18:00,Xinjiang Uygur Autonomous Region,63,1,
13/02/2020,18:00,Qinghai,18,0,
13/02/2020,18:00,Tibet Autonomous Region,1,0,
13/02/2020,23:59,Hubei,51986,1318,
14/02/2020,9:00,Beijing,366,3,
14/02/2020,9:00,Liaoning,117,1,
14/02/2020,9:00,Anhui,910,5,
14/02/2020,9:00,Chongqing,525,3,
14/02/2020,9:00,Shaanxi,229,0,
14/02/2020,9:00,Tianjin,119,3,
14/02/2020,9:00,Fujian,279,0,
14/02/2020,9:00,Hunan,968,2,
14/02/2020,9:00,Sichuan,451,1,
14/02/2020,9:00,Gansu,90,2,
14/02/2020,9:00,Heilongjiang,418,11,
14/02/2020,9:00,Jiangxi,872,1,
14/02/2020,9:00,Guangdong,1261,2,
14/02/2020,9:00,Guizhou,135,1,
14/02/2020,9:00,Shanghai,318,1,
14/02/2020,9:00,Shandong,519,2,
14/02/2020,9:00,Guangxi Zhuang Autonomous Region,226,2,
14/02/2020,9:00,Yunnan,156,0,
14/02/2020,9:00,Inner Mongolia Autonomous Region,61,0,
14/02/2020,9:00,Zhejiang,1145,0,
14/02/2020,9:00,Henan,1169,10,
14/02/2020,9:00,Hebei,283,3,
14/02/2020,9:00,Hainan,157,4,
14/02/2020,9:00,Jilin,86,1,
14/02/2020,9:00,Shanxi,126,0,
14/02/2020,9:00,Ningxia Hui Autonomous Region,64,0,
14/02/2020,9:00,Jiangsu,570,0,
14/02/2020,9:00,Xinjiang Uygur Autonomous Region,63,1,
14/02/2020,9:00,Qinghai,18,0,
14/02/2020,9:00,Tibet Autonomous Region,1,0,
14/02/2020,18:00,Beijing,372,3,
14/02/2020,18:00,Liaoning,117,1,
14/02/2020,18:00,Anhui,934,6,
14/02/2020,18:00,Chongqing,532,5,
14/02/2020,18:00,Shaanxi,230,0,
14/02/2020,18:00,Tianjin,120,3,
14/02/2020,18:00,Fujian,281,0,
14/02/2020,18:00,Hunan,988,2,
14/02/2020,18:00,Sichuan,463,1,
14/02/2020,18:00,Gansu,90,2,
14/02/2020,18:00,Heilongjiang,418,11,
14/02/2020,18:00,Jiangxi,900,1,
14/02/2020,18:00,Guangdong,1261,2,
14/02/2020,18:00,Guizhou,140,1,
14/02/2020,18:00,Shanghai,318,1,
14/02/2020,18:00,Shandong,523,2,
14/02/2020,18:00,Guangxi Zhuang Autonomous Region,226,2,
14/02/2020,18:00,Yunnan,162,0,
14/02/2020,18:00,Inner Mongolia Autonomous Region,65,0,
14/02/2020,18:00,Zhejiang,1155,0,
14/02/2020,18:00,Henan,1184,11,
14/02/2020,18:00,Hebei,283,3,
14/02/2020,18:00,Hainan,158,4,
14/02/2020,18:00,Jilin,86,1,
14/02/2020,18:00,Shanxi,126,0,
14/02/2020,18:00,Ningxia Hui Autonomous Region,67,0,
14/02/2020,18:00,Jiangsu,593,0,
14/02/2020,18:00,Xinjiang Uygur Autonomous Region,65,1,
14/02/2020,18:00,Qinghai,18,0,
14/02/2020,18:00,Tibet Autonomous Region,1,0,
14/02/2020,23:59,Hubei,54406,1457,
15/02/2020,9:00,Beijing,372,4,
15/02/2020,9:00,Liaoning,119,1,
15/02/2020,9:00,Anhui,934,6,
15/02/2020,9:00,Chongqing,537,5,
15/02/2020,9:00,Shaanxi,230,0,
15/02/2020,9:00,Tianjin,120,3,
15/02/2020,9:00,Fujian,285,0,
15/02/2020,9:00,Hunan,1001,2,
15/02/2020,9:00,Sichuan,470,1,
15/02/2020,9:00,Gansu,90,2,
15/02/2020,9:00,Heilongjiang,425,11,
15/02/2020,9:00,Jiangxi,900,1,
15/02/2020,9:00,Guangdong,1294,2,
15/02/2020,9:00,Guizhou,140,1,
15/02/2020,9:00,Shanghai,326,1,
15/02/2020,9:00,Shandong,530,2,
15/02/2020,9:00,Guangxi Zhuang Autonomous Region,235,2,
15/02/2020,9:00,Yunnan,162,0,
15/02/2020,9:00,Inner Mongolia Autonomous Region,65,0,
15/02/2020,9:00,Zhejiang,1162,0,
15/02/2020,9:00,Henan,1212,13,
15/02/2020,9:00,Hebei,291,3,
15/02/2020,9:00,Hainan,162,4,
15/02/2020,9:00,Jilin,88,1,
15/02/2020,9:00,Shanxi,127,0,
15/02/2020,9:00,Ningxia Hui Autonomous Region,67,0,
15/02/2020,9:00,Jiangsu,604,0,
15/02/2020,9:00,Xinjiang Uygur Autonomous Region,65,1,
15/02/2020,9:00,Qinghai,18,0,
15/02/2020,9:00,Tibet Autonomous Region,1,0,
15/02/2020,18:00,Beijing,375,4,
15/02/2020,18:00,Liaoning,119,1,
15/02/2020,18:00,Anhui,950,6,
15/02/2020,18:00,Chongqing,538,5,
15/02/2020,18:00,Shaanxi,232,0,
15/02/2020,18:00,Tianjin,121,3,
15/02/2020,18:00,Fujian,285,0,
15/02/2020,18:00,Hunan,1001,2,
15/02/2020,18:00,Sichuan,470,1,
15/02/2020,18:00,Gansu,90,2,
15/02/2020,18:00,Heilongjiang,425,11,
15/02/2020,18:00,Jiangxi,913,1,
15/02/2020,18:00,Guangdong,1294,2,
15/02/2020,18:00,Guizhou,143,1,
15/02/2020,18:00,Shanghai,326,1,
15/02/2020,18:00,Shandong,532,2,
15/02/2020,18:00,Guangxi Zhuang Autonomous Region,235,2,
15/02/2020,18:00,Yunnan,168,0,
15/02/2020,18:00,Inner Mongolia Autonomous Region,68,0,
15/02/2020,18:00,Zhejiang,1162,0,
15/02/2020,18:00,Henan,1212,13,
15/02/2020,18:00,Hebei,291,3,
15/02/2020,18:00,Hainan,162,4,
15/02/2020,18:00,Jilin,88,1,
15/02/2020,18:00,Shanxi,127,0,
15/02/2020,18:00,Ningxia Hui Autonomous Region,70,0,
15/02/2020,18:00,Jiangsu,604,0,
15/02/2020,18:00,Xinjiang Uygur Autonomous Region,70,1,
15/02/2020,18:00,Qinghai,18,0,
15/02/2020,18:00,Tibet Autonomous Region,1,0,
15/02/2020,23:59,Hubei,56249,1596,
16/02/2020,9:00,Beijing,375,4,
16/02/2020,9:00,Liaoning,119,1,
16/02/2020,9:00,Anhui,950,6,
16/02/2020,9:00,Chongqing,544,5,
16/02/2020,9:00,Shaanxi,232,0,
16/02/2020,9:00,Tianjin,122,3,
16/02/2020,9:00,Fujian,287,0,
16/02/2020,9:00,Hunan,1001,2,
16/02/2020,9:00,Sichuan,481,1,
16/02/2020,9:00,Gansu,90,2,
16/02/2020,9:00,Heilongjiang,445,11,
16/02/2020,9:00,Jiangxi,913,1,
16/02/2020,9:00,Guangdong,1316,2,
16/02/2020,9:00,Guizhou,143,1,
16/02/2020,9:00,Shanghai,328,1,
16/02/2020,9:00,Shandong,537,2,
16/02/2020,9:00,Guangxi Zhuang Autonomous Region,237,2,
16/02/2020,9:00,Yunnan,168,0,
16/02/2020,9:00,Inner Mongolia Autonomous Region,68,0,
16/02/2020,9:00,Zhejiang,1162,0,
16/02/2020,9:00,Henan,1231,13,
16/02/2020,9:00,Hebei,300,3,
16/02/2020,9:00,Hainan,162,4,
16/02/2020,9:00,Jilin,89,1,
16/02/2020,9:00,Shanxi,128,0,
16/02/2020,9:00,Ningxia Hui Autonomous Region,70,0,
16/02/2020,9:00,Jiangsu,604,0,
16/02/2020,9:00,Xinjiang Uygur Autonomous Region,70,1,
16/02/2020,9:00,Qinghai,18,0,
16/02/2020,9:00,Tibet Autonomous Region,1,0,
16/02/2020,18:00,Beijing,380,4,
16/02/2020,18:00,Liaoning,120,1,
16/02/2020,18:00,Anhui,962,6,
16/02/2020,18:00,Chongqing,547,5,
16/02/2020,18:00,Shaanxi,236,0,
16/02/2020,18:00,Tianjin,124,3,
16/02/2020,18:00,Fujian,287,0,
16/02/2020,18:00,Hunan,1004,3,
16/02/2020,18:00,Sichuan,481,3,
16/02/2020,18:00,Gansu,90,2,
16/02/2020,18:00,Heilongjiang,445,11,
16/02/2020,18:00,Jiangxi,925,1,
16/02/2020,18:00,Guangdong,1316,2,
16/02/2020,18:00,Guizhou,144,1,
16/02/2020,18:00,Shanghai,328,1,
16/02/2020,18:00,Shandong,537,2,
16/02/2020,18:00,Guangxi Zhuang Autonomous Region,237,2,
16/02/2020,18:00,Yunnan,171,0,
16/02/2020,18:00,Inner Mongolia Autonomous Region,70,0,
16/02/2020,18:00,Zhejiang,1167,0,
16/02/2020,18:00,Henan,1231,13,
16/02/2020,18:00,Hebei,300,3,
16/02/2020,18:00,Hainan,162,4,
16/02/2020,18:00,Jilin,89,1,
16/02/2020,18:00,Shanxi,128,0,
16/02/2020,18:00,Ningxia Hui Autonomous Region,70,0,
16/02/2020,18:00,Jiangsu,617,0,
16/02/2020,18:00,Xinjiang Uygur Autonomous Region,71,1,
16/02/2020,18:00,Qinghai,18,0,
16/02/2020,18:00,Tibet Autonomous Region,1,0,
16/02/2020,23:59,Hubei,58182,1696,
17/02/2020,9:00,Beijing,381,4,
17/02/2020,9:00,Liaoning,121,1,
17/02/2020,9:00,Anhui,973,6,
17/02/2020,9:00,Chongqing,551,5,
17/02/2020,9:00,Shaanxi,236,0,
17/02/2020,9:00,Tianjin,124,3,
17/02/2020,9:00,Fujian,290,0,
17/02/2020,9:00,Hunan,1006,3,
17/02/2020,9:00,Sichuan,495,3,
17/02/2020,9:00,Gansu,90,2,
17/02/2020,9:00,Heilongjiang,447,11,
17/02/2020,9:00,Jiangxi,925,1,
17/02/2020,9:00,Guangdong,1322,4,
17/02/2020,9:00,Guizhou,144,1,
17/02/2020,9:00,Shanghai,331,1,
17/02/2020,9:00,Shandong,541,2,
17/02/2020,9:00,Guangxi Zhuang Autonomous Region,238,2,
17/02/2020,9:00,Yunnan,171,0,
17/02/2020,9:00,Inner Mongolia Autonomous Region,70,0,
17/02/2020,9:00,Zhejiang,1167,0,
17/02/2020,9:00,Henan,1246,16,
17/02/2020,9:00,Hebei,301,3,
17/02/2020,9:00,Hainan,162,4,
17/02/2020,9:00,Jilin,89,1,
17/02/2020,9:00,Shanxi,129,0,
17/02/2020,9:00,Ningxia Hui Autonomous Region,70,0,
17/02/2020,9:00,Jiangsu,617,0,
17/02/2020,9:00,Xinjiang Uygur Autonomous Region,71,1,
17/02/2020,9:00,Qinghai,18,0,
17/02/2020,9:00,Tibet Autonomous Region,1,0,
17/02/2020,18:00,Beijing,381,4,
17/02/2020,18:00,Liaoning,121,1,
17/02/2020,18:00,Anhui,973,6,
17/02/2020,18:00,Chongqing,552,5,
17/02/2020,18:00,Shaanxi,240,0,
17/02/2020,18:00,Tianjin,125,3,
17/02/2020,18:00,Fujian,290,0,
17/02/2020,18:00,Hunan,1006,3,
17/02/2020,18:00,Sichuan,495,3,
17/02/2020,18:00,Gansu,90,2,
17/02/2020,18:00,Heilongjiang,457,11,
17/02/2020,18:00,Jiangxi,930,1,
17/02/2020,18:00,Guangdong,1322,4,
17/02/2020,18:00,Guizhou,146,1,
17/02/2020,18:00,Shanghai,332,1,
17/02/2020,18:00,Shandong,541,2,
17/02/2020,18:00,Guangxi Zhuang Autonomous Region,238,2,
17/02/2020,18:00,Yunnan,171,0,
17/02/2020,18:00,Inner Mongolia Autonomous Region,72,0,
17/02/2020,18:00,Zhejiang,1171,0,
17/02/2020,18:00,Henan,1246,16,
17/02/2020,18:00,Hebei,301,3,
17/02/2020,18:00,Hainan,163,4,
17/02/2020,18:00,Jilin,89,1,
17/02/2020,18:00,Shanxi,129,0,
17/02/2020,18:00,Ningxia Hui Autonomous Region,70,0,
17/02/2020,18:00,Jiangsu,626,0,
17/02/2020,18:00,Xinjiang Uygur Autonomous Region,75,1,
17/02/2020,18:00,Qinghai,18,0,
17/02/2020,18:00,Tibet Autonomous Region,1,0,
17/02/2020,23:59,Hubei,59989,1789,
18/02/2020,9:00,Beijing,381,4,
18/02/2020,9:00,Liaoning,121,1,
18/02/2020,9:00,Anhui,982,6,
18/02/2020,9:00,Chongqing,553,5,
18/02/2020,9:00,Shaanxi,240,0,
18/02/2020,9:00,Tianjin,125,3,
18/02/2020,9:00,Fujian,292,0,
18/02/2020,9:00,Hunan,1007,4,
18/02/2020,9:00,Sichuan,508,3,
18/02/2020,9:00,Gansu,91,2,
18/02/2020,9:00,Heilongjiang,464,11,
18/02/2020,9:00,Jiangxi,930,1,
18/02/2020,9:00,Guangdong,1328,4,
18/02/2020,9:00,Guizhou,146,1,
18/02/2020,9:00,Shanghai,333,1,
18/02/2020,9:00,Shandong,543,2,
18/02/2020,9:00,Guangxi Zhuang Autonomous Region,242,2,
18/02/2020,9:00,Yunnan,171,0,
18/02/2020,9:00,Inner Mongolia Autonomous Region,72,0,
18/02/2020,9:00,Zhejiang,1172,0,
18/02/2020,9:00,Henan,1257,19,
18/02/2020,9:00,Hebei,302,4,
18/02/2020,9:00,Hainan,163,4,
18/02/2020,9:00,Jilin,89,1,
18/02/2020,9:00,Shanxi,130,0,
18/02/2020,9:00,Ningxia Hui Autonomous Region,70,0,
18/02/2020,9:00,Jiangsu,629,0,
18/02/2020,9:00,Xinjiang Uygur Autonomous Region,76,1,
18/02/2020,9:00,Qinghai,18,0,
18/02/2020,9:00,Tibet Autonomous Region,1,0,
18/02/2020,18:00,Beijing,387,4,
18/02/2020,18:00,Liaoning,121,1,
18/02/2020,18:00,Anhui,982,6,
18/02/2020,18:00,Chongqing,553,5,
18/02/2020,18:00,Shaanxi,240,0,
18/02/2020,18:00,Tianjin,127,3,
18/02/2020,18:00,Fujian,292,0,
18/02/2020,18:00,Hunan,1007,4,
18/02/2020,18:00,Sichuan,508,3,
18/02/2020,18:00,Gansu,91,2,
18/02/2020,18:00,Heilongjiang,464,11,
18/02/2020,18:00,Jiangxi,933,1,
18/02/2020,18:00,Guangdong,1328,4,
18/02/2020,18:00,Guizhou,146,1,
18/02/2020,18:00,Shanghai,333,1,
18/02/2020,18:00,Shandong,543,2,
18/02/2020,18:00,Guangxi Zhuang Autonomous Region,242,2,
18/02/2020,18:00,Yunnan,172,0,
18/02/2020,18:00,Inner Mongolia Autonomous Region,73,0,
18/02/2020,18:00,Zhejiang,1172,0,
18/02/2020,18:00,Henan,1257,19,
18/02/2020,18:00,Hebei,302,4,
18/02/2020,18:00,Hainan,163,4,
18/02/2020,18:00,Jilin,89,1,
18/02/2020,18:00,Shanxi,130,0,
18/02/2020,18:00,Ningxia Hui Autonomous Region,70,0,
18/02/2020,18:00,Jiangsu,629,0,
18/02/2020,18:00,Xinjiang Uygur Autonomous Region,76,1,
18/02/2020,18:00,Qinghai,18,0,
18/02/2020,18:00,Tibet Autonomous Region,1,0,
18/02/2020,23:59,Hubei,61682,1921,
19/02/2020,9:00,Beijing,387,4,
19/02/2020,9:00,Liaoning,121,1,
19/02/2020,9:00,Anhui,982,6,
19/02/2020,9:00,Chongqing,555,5,
19/02/2020,9:00,Shaanxi,240,0,
19/02/2020,9:00,Tianjin,128,3,
19/02/2020,9:00,Fujian,292,0,
19/02/2020,9:00,Hunan,1007,4,
19/02/2020,9:00,Sichuan,508,3,
19/02/2020,9:00,Gansu,91,2,
19/02/2020,9:00,Heilongjiang,464,11,
19/02/2020,9:00,Jiangxi,933,1,
19/02/2020,9:00,Guangdong,1331,5,
19/02/2020,9:00,Guizhou,146,2,
19/02/2020,9:00,Shanghai,333,1,
19/02/2020,9:00,Shandong,543,3,
19/02/2020,9:00,Guangxi Zhuang Autonomous Region,242,2,
19/02/2020,9:00,Yunnan,172,0,
19/02/2020,9:00,Inner Mongolia Autonomous Region,73,0,
19/02/2020,9:00,Zhejiang,1172,0,
19/02/2020,9:00,Henan,1257,19,
19/02/2020,9:00,Hebei,306,4,
19/02/2020,9:00,Hainan,163,4,
19/02/2020,9:00,Jilin,89,1,
19/02/2020,9:00,Shanxi,131,0,
19/02/2020,9:00,Ningxia Hui Autonomous Region,70,0,
19/02/2020,9:00,Jiangsu,629,0,
19/02/2020,9:00,Xinjiang Uygur Autonomous Region,76,1,
19/02/2020,9:00,Qinghai,18,0,
19/02/2020,9:00,Tibet Autonomous Region,1,1,
19/02/2020,18:00,Beijing,393,4,
19/02/2020,18:00,Liaoning,121,1,
19/02/2020,18:00,Anhui,986,6,
19/02/2020,18:00,Chongqing,555,5,
19/02/2020,18:00,Shaanxi,242,0,
19/02/2020,18:00,Tianjin,128,3,
19/02/2020,18:00,Fujian,293,0,
19/02/2020,18:00,Hunan,1008,4,
19/02/2020,18:00,Sichuan,514,3,
19/02/2020,18:00,Gansu,91,2,
19/02/2020,18:00,Heilongjiang,470,12,
19/02/2020,18:00,Jiangxi,934,1,
19/02/2020,18:00,Guangdong,1331,5,
19/02/2020,18:00,Guizhou,146,2,
19/02/2020,18:00,Shanghai,333,2,
19/02/2020,18:00,Shandong,544,3,
19/02/2020,18:00,Guangxi Zhuang Autonomous Region,244,2,
19/02/2020,18:00,Yunnan,173,1,
19/02/2020,18:00,Inner Mongolia Autonomous Region,75,0,
19/02/2020,18:00,Zhejiang,1174,0,
19/02/2020,18:00,Henan,1262,19,
19/02/2020,18:00,Hebei,306,4,
19/02/2020,18:00,Hainan,163,4,
19/02/2020,18:00,Jilin,90,1,
19/02/2020,18:00,Shanxi,131,0,
19/02/2020,18:00,Ningxia Hui Autonomous Region,71,0,
19/02/2020,18:00,Jiangsu,631,0,
19/02/2020,18:00,Xinjiang Uygur Autonomous Region,76,1,
19/02/2020,18:00,Qinghai,18,0,
19/02/2020,18:00,Tibet Autonomous Region,1,0,
19/02/2020,23:59,Hubei,62031,2029,
20/02/2020,9:00,Beijing,393,4,
20/02/2020,9:00,Liaoning,121,1,
20/02/2020,9:00,Anhui,986,6,
20/02/2020,9:00,Chongqing,560,5,
20/02/2020,9:00,Shaanxi,242,0,
20/02/2020,9:00,Tianjin,130,3,
20/02/2020,9:00,Fujian,293,0,
20/02/2020,9:00,Hunan,1008,4,
20/02/2020,9:00,Sichuan,514,3,
20/02/2020,9:00,Gansu,91,2,
20/02/2020,9:00,Heilongjiang,476,12,
20/02/2020,9:00,Jiangxi,934,1,
20/02/2020,9:00,Guangdong,1332,5,
20/02/2020,9:00,Guizhou,146,2,
20/02/2020,9:00,Shanghai,333,2,
20/02/2020,9:00,Shandong,544,3,
20/02/2020,9:00,Guangxi Zhuang Autonomous Region,245,2,
20/02/2020,9:00,Yunnan,173,1,
20/02/2020,9:00,Inner Mongolia Autonomous Region,75,0,
20/02/2020,9:00,Zhejiang,1174,0,
20/02/2020,9:00,Henan,1262,19,
20/02/2020,9:00,Hebei,307,5,
20/02/2020,9:00,Hainan,168,4,
20/02/2020,9:00,Jilin,90,1,
20/02/2020,9:00,Shanxi,131,0,
20/02/2020,9:00,Ningxia Hui Autonomous Region,71,0,
20/02/2020,9:00,Jiangsu,631,0,
20/02/2020,9:00,Xinjiang Uygur Autonomous Region,76,1,
20/02/2020,9:00,Qinghai,18,0,
20/02/2020,9:00,Tibet Autonomous Region,1,0,
20/02/2020,18:00,Beijing,395,4,
20/02/2020,18:00,Liaoning,121,1,
20/02/2020,18:00,Anhui,987,6,
20/02/2020,18:00,Chongqing,560,5,
20/02/2020,18:00,Shaanxi,245,1,
20/02/2020,18:00,Tianjin,130,3,
20/02/2020,18:00,Fujian,293,1,
20/02/2020,18:00,Hunan,1010,4,
20/02/2020,18:00,Sichuan,520,3,
20/02/2020,18:00,Gansu,91,2,
20/02/2020,18:00,Heilongjiang,476,12,
20/02/2020,18:00,Jiangxi,934,1,
20/02/2020,18:00,Guangdong,1332,5,
20/02/2020,18:00,Guizhou,146,2,
20/02/2020,18:00,Shanghai,334,2,
20/02/2020,18:00,Shandong,546,4,
20/02/2020,18:00,Guangxi Zhuang Autonomous Region,245,2,
20/02/2020,18:00,Yunnan,173,1,
20/02/2020,18:00,Inner Mongolia Autonomous Region,75,0,
20/02/2020,18:00,Zhejiang,1175,0,
20/02/2020,18:00,Henan,1265,19,
20/02/2020,18:00,Hebei,307,5,
20/02/2020,18:00,Hainan,168,4,
20/02/2020,18:00,Jilin,91,1,
20/02/2020,18:00,Shanxi,131,0,
20/02/2020,18:00,Ningxia Hui Autonomous Region,71,0,
20/02/2020,18:00,Jiangsu,631,0,
20/02/2020,18:00,Xinjiang Uygur Autonomous Region,76,1,
20/02/2020,18:00,Qinghai,18,0,
20/02/2020,18:00,Tibet Autonomous Region,1,0,
20/02/2020,23:59,Hubei,62662,2144,
21/02/2020,9:00,Beijing,395,4,
21/02/2020,9:00,Liaoning,121,1,
21/02/2020,9:00,Anhui,987,6,
21/02/2020,9:00,Chongqing,567,6,
21/02/2020,9:00,Shaanxi,245,1,
21/02/2020,9:00,Tianjin,131,3,
21/02/2020,9:00,Fujian,293,1,
21/02/2020,9:00,Hunan,1010,4,
21/02/2020,9:00,Sichuan,520,3,
21/02/2020,9:00,Gansu,91,2,
21/02/2020,9:00,Heilongjiang,479,12,
21/02/2020,9:00,Jiangxi,934,1,
21/02/2020,9:00,Guangdong,1332,5,
21/02/2020,9:00,Guizhou,146,2,
21/02/2020,9:00,Shanghai,334,2,
21/02/2020,9:00,Shandong,546,4,
21/02/2020,9:00,Guangxi Zhuang Autonomous Region,246,2,
21/02/2020,9:00,Yunnan,174,2,
21/02/2020,9:00,Inner Mongolia Autonomous Region,75,0,
21/02/2020,9:00,Zhejiang,1175,1,
21/02/2020,9:00,Henan,1267,19,
21/02/2020,9:00,Hebei,308,5,
21/02/2020,9:00,Hainan,168,4,
21/02/2020,9:00,Jilin,91,1,
21/02/2020,9:00,Shanxi,132,0,
21/02/2020,9:00,Ningxia Hui Autonomous Region,71,0,
21/02/2020,9:00,Jiangsu,631,0,
21/02/2020,9:00,Xinjiang Uygur Autonomous Region,76,1,
21/02/2020,9:00,Qinghai,18,0,
21/02/2020,9:00,Tibet Autonomous Region,1,0,
21/02/2020,18:00,Beijing,396,4,
21/02/2020,18:00,Liaoning,121,1,
21/02/2020,18:00,Anhui,988,6,
21/02/2020,18:00,Chongqing,567,6,
21/02/2020,18:00,Shaanxi,245,1,
21/02/2020,18:00,Tianjin,132,3,
21/02/2020,18:00,Fujian,293,1,
21/02/2020,18:00,Hunan,1011,4,
21/02/2020,18:00,Sichuan,525,3,
21/02/2020,18:00,Gansu,91,2,
21/02/2020,18:00,Heilongjiang,479,12,
21/02/2020,18:00,Jiangxi,934,1,
21/02/2020,18:00,Guangdong,1333,5,
21/02/2020,18:00,Guizhou,146,2,
21/02/2020,18:00,Shanghai,334,2,
21/02/2020,18:00,Shandong,749,4,
21/02/2020,18:00,Guangxi Zhuang Autonomous Region,246,2,
21/02/2020,18:00,Yunnan,174,2,
21/02/2020,18:00,Inner Mongolia Autonomous Region,75,0,
21/02/2020,18:00,Zhejiang,1203,1,
21/02/2020,18:00,Henan,1267,19,
21/02/2020,18:00,Hebei,308,5,
21/02/2020,18:00,Hainan,168,4,
21/02/2020,18:00,Jilin,91,1,
21/02/2020,18:00,Shanxi,132,0,
21/02/2020,18:00,Ningxia Hui Autonomous Region,71,0,
21/02/2020,18:00,Jiangsu,631,0,
21/02/2020,18:00,Xinjiang Uygur Autonomous Region,76,1,
21/02/2020,18:00,Qinghai,18,0,
21/02/2020,18:00,Tibet Autonomous Region,1,0,
21/02/2020,23:59,Hubei,63454,2250,
22/02/2020,9:00,Beijing,399,4,
22/02/2020,9:00,Liaoning,121,1,
22/02/2020,9:00,Anhui,989,6,
22/02/2020,9:00,Chongqing,572,6,
22/02/2020,9:00,Shaanxi,245,1,
22/02/2020,9:00,Tianjin,133,3,
22/02/2020,9:00,Fujian,293,1,
22/02/2020,9:00,Hunan,1013,4,
22/02/2020,9:00,Sichuan,526,3,
22/02/2020,9:00,Gansu,91,2,
22/02/2020,9:00,Heilongjiang,479,12,
22/02/2020,9:00,Jiangxi,934,1,
22/02/2020,9:00,Guangdong,1339,5,
22/02/2020,9:00,Guizhou,146,2,
22/02/2020,9:00,Shanghai,334,3,
22/02/2020,9:00,Shandong,750,4,
22/02/2020,9:00,Guangxi Zhuang Autonomous Region,249,2,
22/02/2020,9:00,Yunnan,174,2,
22/02/2020,9:00,Inner Mongolia Autonomous Region,75,0,
22/02/2020,9:00,Zhejiang,1205,1,
22/02/2020,9:00,Henan,1270,19,
22/02/2020,9:00,Hebei,309,6,
22/02/2020,9:00,Hainan,168,4,
22/02/2020,9:00,Jilin,91,1,
22/02/2020,9:00,Shanxi,132,0,
22/02/2020,9:00,Ningxia Hui Autonomous Region,71,0,
22/02/2020,9:00,Jiangsu,631,0,
22/02/2020,9:00,Xinjiang Uygur Autonomous Region,76,2,
22/02/2020,9:00,Qinghai,18,0,
22/02/2020,9:00,Tibet Autonomous Region,1,0,
22/02/2020,18:00,Beijing,399,4,
22/02/2020,18:00,Liaoning,121,1,
22/02/2020,18:00,Anhui,989,6,
22/02/2020,18:00,Chongqing,572,6,
22/02/2020,18:00,Shaanxi,245,1,
22/02/2020,18:00,Tianjin,135,3,
22/02/2020,18:00,Fujian,293,1,
22/02/2020,18:00,Hunan,1013,4,
22/02/2020,18:00,Sichuan,526,3,
22/02/2020,18:00,Gansu,91,2,
22/02/2020,18:00,Heilongjiang,479,12,
22/02/2020,18:00,Jiangxi,934,1,
22/02/2020,18:00,Guangdong,1339,5,
22/02/2020,18:00,Guizhou,146,2,
22/02/2020,18:00,Shanghai,335,3,
22/02/2020,18:00,Shandong,750,4,
22/02/2020,18:00,Guangxi Zhuang Autonomous Region,249,2,
22/02/2020,18:00,Yunnan,174,2,
22/02/2020,18:00,Inner Mongolia Autonomous Region,75,0,
22/02/2020,18:00,Zhejiang,1205,1,
22/02/2020,18:00,Henan,1270,19,
22/02/2020,18:00,Hebei,309,6,
22/02/2020,18:00,Hainan,168,4,
22/02/2020,18:00,Jilin,91,1,
22/02/2020,18:00,Shanxi,132,0,
22/02/2020,18:00,Ningxia Hui Autonomous Region,71,0,
22/02/2020,18:00,Jiangsu,631,0,
22/02/2020,18:00,Xinjiang Uygur Autonomous Region,76,2,
22/02/2020,18:00,Qinghai,18,0,
22/02/2020,18:00,Tibet Autonomous Region,1,0,
22/02/2020,23:59,Hubei,64084,2346,
23/02/2020,9:00,Beijing,399,4,
23/02/2020,9:00,Liaoning,121,1,
23/02/2020,9:00,Anhui,989,6,
23/02/2020,9:00,Chongqing,573,6,
23/02/2020,9:00,Shaanxi,245,1,
23/02/2020,9:00,Tianjin,135,3,
23/02/2020,9:00,Fujian,293,1,
23/02/2020,9:00,Hunan,1013,4,
23/02/2020,9:00,Sichuan,526,3,
23/02/2020,9:00,Gansu,91,2,
23/02/2020,9:00,Heilongjiang,479,12,
23/02/2020,9:00,Jiangxi,934,1,
23/02/2020,9:00,Guangdong,1342,5,
23/02/2020,9:00,Guizhou,146,2,
23/02/2020,9:00,Shanghai,335,3,
23/02/2020,9:00,Shandong,750,4,
23/02/2020,9:00,Guangxi Zhuang Autonomous Region,249,2,
23/02/2020,9:00,Yunnan,174,2,
23/02/2020,9:00,Inner Mongolia Autonomous Region,75,0,
23/02/2020,9:00,Zhejiang,1205,1,
23/02/2020,9:00,Henan,1270,19,
23/02/2020,9:00,Hebei,311,6,
23/02/2020,9:00,Hainan,168,4,
23/02/2020,9:00,Jilin,91,1,
23/02/2020,9:00,Shanxi,132,0,
23/02/2020,9:00,Ningxia Hui Autonomous Region,71,0,
23/02/2020,9:00,Jiangsu,631,0,
23/02/2020,9:00,Xinjiang Uygur Autonomous Region,76,2,
23/02/2020,9:00,Qinghai,18,0,
23/02/2020,9:00,Tibet Autonomous Region,1,0,
23/02/2020,18:00,Beijing,399,4,
23/02/2020,18:00,Liaoning,121,1,
23/02/2020,18:00,Anhui,989,6,
23/02/2020,18:00,Chongqing,573,6,
23/02/2020,18:00,Shaanxi,245,1,
23/02/2020,18:00,Tianjin,135,3,
23/02/2020,18:00,Fujian,293,1,
23/02/2020,18:00,Hunan,1016,4,
23/02/2020,18:00,Sichuan,526,3,
23/02/2020,18:00,Gansu,91,2,
23/02/2020,18:00,Heilongjiang,480,12,
23/02/2020,18:00,Jiangxi,934,1,
23/02/2020,18:00,Guangdong,1342,6,
23/02/2020,18:00,Guizhou,146,2,
23/02/2020,18:00,Shanghai,335,3,
23/02/2020,18:00,Shandong,754,4,
23/02/2020,18:00,Guangxi Zhuang Autonomous Region,249,2,
23/02/2020,18:00,Yunnan,174,2,
23/02/2020,18:00,Inner Mongolia Autonomous Region,75,0,
23/02/2020,18:00,Zhejiang,1205,1,
23/02/2020,18:00,Henan,1271,19,
23/02/2020,18:00,Hebei,311,6,
23/02/2020,18:00,Hainan,168,4,
23/02/2020,18:00,Jilin,91,1,
23/02/2020,18:00,Shanxi,132,0,
23/02/2020,18:00,Ningxia Hui Autonomous Region,71,0,
23/02/2020,18:00,Jiangsu,631,0,
23/02/2020,18:00,Xinjiang Uygur Autonomous Region,76,2,
23/02/2020,18:00,Qinghai,18,0,
23/02/2020,18:00,Tibet Autonomous Region,1,0,
23/02/2020,23:59,Hubei,64287,2495,
24/02/2020,9:00,Beijing,399,4,
24/02/2020,9:00,Liaoning,121,1,
24/02/2020,9:00,Anhui,989,6,
24/02/2020,9:00,Chongqing,575,6,
24/02/2020,9:00,Shaanxi,245,1,
24/02/2020,9:00,Tianjin,135,3,
24/02/2020,9:00,Fujian,293,1,
24/02/2020,9:00,Hunan,1016,4,
24/02/2020,9:00,Sichuan,527,3,
24/02/2020,9:00,Gansu,91,2,
24/02/2020,9:00,Heilongjiang,480,12,
24/02/2020,9:00,Jiangxi,934,1,
24/02/2020,9:00,Guangdong,1345,6,
24/02/2020,9:00,Guizhou,146,2,
24/02/2020,9:00,Shanghai,335,3,
24/02/2020,9:00,Shandong,755,4,
24/02/2020,9:00,Guangxi Zhuang Autonomous Region,251,2,
24/02/2020,9:00,Yunnan,174,2,
24/02/2020,9:00,Inner Mongolia Autonomous Region,75,0,
24/02/2020,9:00,Zhejiang,1205,1,
24/02/2020,9:00,Henan,1271,19,
24/02/2020,9:00,Hebei,311,6,
24/02/2020,9:00,Hainan,168,5,
24/02/2020,9:00,Jilin,93,1,
24/02/2020,9:00,Shanxi,132,0,
24/02/2020,9:00,Ningxia Hui Autonomous Region,71,0,
24/02/2020,9:00,Jiangsu,631,0,
24/02/2020,9:00,Xinjiang Uygur Autonomous Region,76,2,
24/02/2020,9:00,Qinghai,18,0,
24/02/2020,9:00,Tibet Autonomous Region,1,0,
24/02/2020,18:00,Beijing,399,4,
24/02/2020,18:00,Liaoning,121,1,
24/02/2020,18:00,Anhui,989,6,
24/02/2020,18:00,Chongqing,575,6,
24/02/2020,18:00,Shaanxi,245,1,
24/02/2020,18:00,Tianjin,135,3,
24/02/2020,18:00,Fujian,293,1,
24/02/2020,18:00,Hunan,1016,4,
24/02/2020,18:00,Sichuan,527,3,
24/02/2020,18:00,Gansu,91,2,
24/02/2020,18:00,Heilongjiang,480,12,
24/02/2020,18:00,Jiangxi,934,1,
24/02/2020,18:00,Guangdong,1345,6,
24/02/2020,18:00,Guizhou,146,2,
24/02/2020,18:00,Shanghai,335,3,
24/02/2020,18:00,Shandong,755,5,
24/02/2020,18:00,Guangxi Zhuang Autonomous Region,251,2,
24/02/2020,18:00,Yunnan,174,2,
24/02/2020,18:00,Inner Mongolia Autonomous Region,75,0,
24/02/2020,18:00,Zhejiang,1205,1,
24/02/2020,18:00,Henan,1271,19,
24/02/2020,18:00,Hebei,311,6,
24/02/2020,18:00,Hainan,168,5,
24/02/2020,18:00,Jilin,93,1,
24/02/2020,18:00,Shanxi,132,0,
24/02/2020,18:00,Ningxia Hui Autonomous Region,71,0,
24/02/2020,18:00,Jiangsu,631,0,
24/02/2020,18:00,Xinjiang Uygur Autonomous Region,76,2,
24/02/2020,18:00,Qinghai,18,0,
24/02/2020,18:00,Tibet Autonomous Region,1,0,
24/02/2020,23:59,Hubei,64786,2563,
25/02/2020,9:00,Beijing,399,4,
25/02/2020,9:00,Liaoning,121,1,
25/02/2020,9:00,Anhui,989,6,
25/02/2020,9:00,Chongqing,576,6,
25/02/2020,9:00,Shaanxi,245,1,
25/02/2020,9:00,Tianjin,135,3,
25/02/2020,9:00,Fujian,294,1,
25/02/2020,9:00,Hunan,1016,4,
25/02/2020,9:00,Sichuan,529,3,
25/02/2020,9:00,Gansu,91,2,
25/02/2020,9:00,Heilongjiang,480,12,
25/02/2020,9:00,Jiangxi,934,1,
25/02/2020,9:00,Guangdong,1347,7,
25/02/2020,9:00,Guizhou,146,2,
25/02/2020,9:00,Shanghai,335,3,
25/02/2020,9:00,Shandong,755,6,
25/02/2020,9:00,Guangxi Zhuang Autonomous Region,252,2,
25/02/2020,9:00,Yunnan,174,2,
25/02/2020,9:00,Inner Mongolia Autonomous Region,75,0,
25/02/2020,9:00,Zhejiang,1205,1,
25/02/2020,9:00,Henan,1271,19,
25/02/2020,9:00,Hebei,311,6,
25/02/2020,9:00,Hainan,168,5,
25/02/2020,9:00,Jilin,93,1,
25/02/2020,9:00,Shanxi,133,0,
25/02/2020,9:00,Ningxia Hui Autonomous Region,71,0,
25/02/2020,9:00,Jiangsu,631,0,
25/02/2020,9:00,Xinjiang Uygur Autonomous Region,76,2,
25/02/2020,9:00,Qinghai,18,0,
25/02/2020,9:00,Tibet Autonomous Region,1,0,
25/02/2020,18:00,Beijing,400,4,
25/02/2020,18:00,Liaoning,121,1,
25/02/2020,18:00,Anhui,989,6,
25/02/2020,18:00,Chongqing,576,6,
25/02/2020,18:00,Shaanxi,245,1,
25/02/2020,18:00,Tianjin,135,3,
25/02/2020,18:00,Fujian,294,1,
25/02/2020,18:00,Hunan,1016,4,
25/02/2020,18:00,Sichuan,529,3,
25/02/2020,18:00,Gansu,91,2,
25/02/2020,18:00,Heilongjiang,480,12,
25/02/2020,18:00,Jiangxi,934,1,
25/02/2020,18:00,Guangdong,1347,7,
25/02/2020,18:00,Guizhou,146,2,
25/02/2020,18:00,Shanghai,336,3,
25/02/2020,18:00,Shandong,756,6,
25/02/2020,18:00,Guangxi Zhuang Autonomous Region,252,2,
25/02/2020,18:00,Yunnan,174,2,
25/02/2020,18:00,Inner Mongolia Autonomous Region,75,0,
25/02/2020,18:00,Zhejiang,1205,1,
25/02/2020,18:00,Henan,1271,19,
25/02/2020,18:00,Hebei,311,6,
25/02/2020,18:00,Hainan,168,5,
25/02/2020,18:00,Jilin,93,1,
25/02/2020,18:00,Shanxi,133,0,
25/02/2020,18:00,Ningxia Hui Autonomous Region,71,0,
25/02/2020,18:00,Jiangsu,631,0,
25/02/2020,18:00,Xinjiang Uygur Autonomous Region,76,2,
25/02/2020,18:00,Qinghai,18,0,
25/02/2020,18:00,Tibet Autonomous Region,1,0,
25/02/2020,23:59,Hubei,65187,2615,
26/02/2020,9:00,Beijing,400,4,
26/02/2020,9:00,Liaoning,121,1,
26/02/2020,9:00,Anhui,989,6,
26/02/2020,9:00,Chongqing,576,6,
26/02/2020,9:00,Shaanxi,245,1,
26/02/2020,9:00,Tianjin,135,3,
26/02/2020,9:00,Fujian,294,1,
26/02/2020,9:00,Hunan,1016,4,
26/02/2020,9:00,Sichuan,531,3,
26/02/2020,9:00,Gansu,91,2,
26/02/2020,9:00,Heilongjiang,480,12,
26/02/2020,9:00,Jiangxi,934,1,
26/02/2020,9:00,Guangdong,1347,7,
26/02/2020,9:00,Guizhou,146,2,
26/02/2020,9:00,Shanghai,336,3,
26/02/2020,9:00,Shandong,756,6,
26/02/2020,9:00,Guangxi Zhuang Autonomous Region,252,2,
26/02/2020,9:00,Yunnan,174,2,
26/02/2020,9:00,Inner Mongolia Autonomous Region,75,0,
26/02/2020,9:00,Zhejiang,1205,1,
26/02/2020,9:00,Henan,1271,19,
26/02/2020,9:00,Hebei,312,6,
26/02/2020,9:00,Hainan,168,5,
26/02/2020,9:00,Jilin,93,1,
26/02/2020,9:00,Shanxi,133,0,
26/02/2020,9:00,Ningxia Hui Autonomous Region,71,0,
26/02/2020,9:00,Jiangsu,631,0,
26/02/2020,9:00,Xinjiang Uygur Autonomous Region,76,2,
26/02/2020,9:00,Qinghai,18,0,
26/02/2020,9:00,Tibet Autonomous Region,1,0,
26/02/2020,18:00,Beijing,400,4,
26/02/2020,18:00,Liaoning,121,1,
26/02/2020,18:00,Anhui,989,6,
26/02/2020,18:00,Chongqing,576,6,
26/02/2020,18:00,Shaanxi,245,1,
26/02/2020,18:00,Tianjin,135,3,
26/02/2020,18:00,Fujian,294,1,
26/02/2020,18:00,Hunan,1016,4,
26/02/2020,18:00,Sichuan,531,3,
26/02/2020,18:00,Gansu,91,2,
26/02/2020,18:00,Heilongjiang,480,12,
26/02/2020,18:00,Jiangxi,934,1,
26/02/2020,18:00,Guangdong,1347,7,
26/02/2020,18:00,Guizhou,146,2,
26/02/2020,18:00,Shanghai,336,3,
26/02/2020,18:00,Shandong,756,6,
26/02/2020,18:00,Guangxi Zhuang Autonomous Region,252,2,
26/02/2020,18:00,Yunnan,174,2,
26/02/2020,18:00,Inner Mongolia Autonomous Region,75,0,
26/02/2020,18:00,Zhejiang,1205,1,
26/02/2020,18:00,Henan,1271,19,
26/02/2020,18:00,Hebei,312,6,
26/02/2020,18:00,Hainan,168,5,
26/02/2020,18:00,Jilin,93,1,
26/02/2020,18:00,Shanxi,133,0,
26/02/2020,18:00,Ningxia Hui Autonomous Region,71,0,
26/02/2020,18:00,Jiangsu,631,0,
26/02/2020,18:00,Xinjiang Uygur Autonomous Region,76,2,
26/02/2020,18:00,Qinghai,18,0,
26/02/2020,18:00,Tibet Autonomous Region,1,0,
26/02/2020,23:59,Hubei,65596,2641,
27/02/2020,9:00,Beijing,400,4,
27/02/2020,9:00,Liaoning,121,1,
27/02/2020,9:00,Anhui,989,6,
27/02/2020,9:00,Chongqing,576,6,
27/02/2020,9:00,Shaanxi,245,1,
27/02/2020,9:00,Tianjin,135,3,
27/02/2020,9:00,Fujian,296,1,
27/02/2020,9:00,Hunan,1017,4,
27/02/2020,9:00,Sichuan,534,3,
27/02/2020,9:00,Gansu,91,2,
27/02/2020,9:00,Heilongjiang,480,13,
27/02/2020,9:00,Jiangxi,934,1,
27/02/2020,9:00,Guangdong,1347,7,
27/02/2020,9:00,Guizhou,146,2,
27/02/2020,9:00,Shanghai,337,3,
27/02/2020,9:00,Shandong,756,6,
27/02/2020,9:00,Guangxi Zhuang Autonomous Region,252,2,
27/02/2020,9:00,Yunnan,174,2,
27/02/2020,9:00,Inner Mongolia Autonomous Region,75,0,
27/02/2020,9:00,Zhejiang,1205,1,
27/02/2020,9:00,Henan,1272,20,
27/02/2020,9:00,Hebei,317,6,
27/02/2020,9:00,Hainan,168,5,
27/02/2020,9:00,Jilin,93,1,
27/02/2020,9:00,Shanxi,133,0,
27/02/2020,9:00,Ningxia Hui Autonomous Region,72,0,
27/02/2020,9:00,Jiangsu,631,0,
27/02/2020,9:00,Xinjiang Uygur Autonomous Region,76,2,
27/02/2020,9:00,Qinghai,18,0,
27/02/2020,9:00,Tibet Autonomous Region,1,0,
27/02/2020,18:00,Beijing,410,4,
27/02/2020,18:00,Liaoning,121,1,
27/02/2020,18:00,Anhui,989,6,
27/02/2020,18:00,Chongqing,576,6,
27/02/2020,18:00,Shaanxi,245,1,
27/02/2020,18:00,Tianjin,135,3,
27/02/2020,18:00,Fujian,296,1,
27/02/2020,18:00,Hunan,1017,4,
27/02/2020,18:00,Sichuan,534,3,
27/02/2020,18:00,Gansu,91,2,
27/02/2020,18:00,Heilongjiang,480,13,
27/02/2020,18:00,Jiangxi,934,1,
27/02/2020,18:00,Guangdong,1347,7,
27/02/2020,18:00,Guizhou,146,2,
27/02/2020,18:00,Shanghai,337,3,
27/02/2020,18:00,Shandong,756,6,
27/02/2020,18:00,Guangxi Zhuang Autonomous Region,252,2,
27/02/2020,18:00,Yunnan,174,2,
27/02/2020,18:00,Inner Mongolia Autonomous Region,75,0,
27/02/2020,18:00,Zhejiang,1205,1,
27/02/2020,18:00,Henan,1272,20,
27/02/2020,18:00,Hebei,317,6,
27/02/2020,18:00,Hainan,168,5,
27/02/2020,18:00,Jilin,93,1,
27/02/2020,18:00,Shanxi,133,0,
27/02/2020,18:00,Ningxia Hui Autonomous Region,72,0,
27/02/2020,18:00,Jiangsu,631,0,
27/02/2020,18:00,Xinjiang Uygur Autonomous Region,76,2,
27/02/2020,18:00,Qinghai,18,0,
27/02/2020,18:00,Tibet Autonomous Region,1,0,
27/02/2020,23:59,Hubei,65914,2682,
28/02/2020,9:00,Beijing,410,7,
28/02/2020,9:00,Liaoning,121,1,
28/02/2020,9:00,Anhui,990,6,
28/02/2020,9:00,Chongqing,576,6,
28/02/2020,9:00,Shaanxi,245,1,
28/02/2020,9:00,Tianjin,136,3,
28/02/2020,9:00,Fujian,296,1,
28/02/2020,9:00,Hunan,1017,4,
28/02/2020,9:00,Sichuan,538,3,
28/02/2020,9:00,Gansu,91,2,
28/02/2020,9:00,Heilongjiang,480,13,
28/02/2020,9:00,Jiangxi,935,1,
28/02/2020,9:00,Guangdong,1348,7,
28/02/2020,9:00,Guizhou,146,2,
28/02/2020,9:00,Shanghai,337,3,
28/02/2020,9:00,Shandong,756,6,
28/02/2020,9:00,Guangxi Zhuang Autonomous Region,252,2,
28/02/2020,9:00,Yunnan,174,2,
28/02/2020,9:00,Inner Mongolia Autonomous Region,75,0,
28/02/2020,9:00,Zhejiang,1205,1,
28/02/2020,9:00,Henan,1272,20,
28/02/2020,9:00,Hebei,318,6,
28/02/2020,9:00,Hainan,168,5,
28/02/2020,9:00,Jilin,93,1,
28/02/2020,9:00,Shanxi,133,0,
28/02/2020,9:00,Ningxia Hui Autonomous Region,72,0,
28/02/2020,9:00,Jiangsu,631,0,
28/02/2020,9:00,Xinjiang Uygur Autonomous Region,76,3,
28/02/2020,9:00,Qinghai,18,0,
28/02/2020,9:00,Tibet Autonomous Region,1,0,
28/02/2020,18:00,Beijing,410,7,
28/02/2020,18:00,Liaoning,121,1,
28/02/2020,18:00,Anhui,990,6,
28/02/2020,18:00,Chongqing,576,6,
28/02/2020,18:00,Shaanxi,245,1,
28/02/2020,18:00,Tianjin,136,3,
28/02/2020,18:00,Fujian,296,1,
28/02/2020,18:00,Hunan,1017,4,
28/02/2020,18:00,Sichuan,538,3,
28/02/2020,18:00,Gansu,91,2,
28/02/2020,18:00,Heilongjiang,480,13,
28/02/2020,18:00,Jiangxi,935,1,
28/02/2020,18:00,Guangdong,1348,7,
28/02/2020,18:00,Guizhou,146,2,
28/02/2020,18:00,Shanghai,337,3,
28/02/2020,18:00,Shandong,756,6,
28/02/2020,18:00,Guangxi Zhuang Autonomous Region,252,2,
28/02/2020,18:00,Yunnan,174,2,
28/02/2020,18:00,Inner Mongolia Autonomous Region,75,0,
28/02/2020,18:00,Zhejiang,1205,1,
28/02/2020,18:00,Henan,1272,20,
28/02/2020,18:00,Hebei,318,6,
28/02/2020,18:00,Hainan,168,5,
28/02/2020,18:00,Jilin,93,1,
28/02/2020,18:00,Shanxi,133,0,
28/02/2020,18:00,Ningxia Hui Autonomous Region,72,0,
28/02/2020,18:00,Jiangsu,631,0,
28/02/2020,18:00,Xinjiang Uygur Autonomous Region,76,3,
28/02/2020,18:00,Qinghai,18,0,
28/02/2020,18:00,Tibet Autonomous Region,1,0,
28/02/2020,23:59,Hubei,66337,2727,
29/02/2020,9:00,Beijing,410,7,
29/02/2020,9:00,Liaoning,121,1,
29/02/2020,9:00,Anhui,990,6,
29/02/2020,9:00,Chongqing,576,6,
29/02/2020,9:00,Shaanxi,245,1,
29/02/2020,9:00,Tianjin,136,3,
29/02/2020,9:00,Fujian,296,1,
29/02/2020,9:00,Hunan,1018,4,
29/02/2020,9:00,Sichuan,538,3,
29/02/2020,9:00,Gansu,91,2,
29/02/2020,9:00,Heilongjiang,480,13,
29/02/2020,9:00,Jiangxi,935,1,
29/02/2020,9:00,Guangdong,1349,7,
29/02/2020,9:00,Guizhou,146,2,
29/02/2020,9:00,Shanghai,337,3,
29/02/2020,9:00,Shandong,756,6,
29/02/2020,9:00,Guangxi Zhuang Autonomous Region,252,2,
29/02/2020,9:00,Yunnan,174,2,
29/02/2020,9:00,Inner Mongolia Autonomous Region,75,0,
29/02/2020,9:00,Zhejiang,1205,1,
29/02/2020,9:00,Henan,1272,21,
29/02/2020,9:00,Hebei,318,6,
29/02/2020,9:00,Hainan,168,5,
29/02/2020,9:00,Jilin,93,1,
29/02/2020,9:00,Shanxi,133,0,
29/02/2020,9:00,Ningxia Hui Autonomous Region,72,0,
29/02/2020,9:00,Jiangsu,631,0,
29/02/2020,9:00,Xinjiang Uygur Autonomous Region,76,3,
29/02/2020,9:00,Qinghai,18,0,
29/02/2020,9:00,Tibet Autonomous Region,1,0,
29/02/2020,18:00,Beijing,411,8,
29/02/2020,18:00,Liaoning,121,1,
29/02/2020,18:00,Anhui,990,6,
29/02/2020,18:00,Chongqing,576,6,
29/02/2020,18:00,Shaanxi,245,1,
29/02/2020,18:00,Tianjin,136,3,
29/02/2020,18:00,Fujian,296,1,
29/02/2020,18:00,Hunan,1018,4,
29/02/2020,18:00,Sichuan,538,3,
29/02/2020,18:00,Gansu,91,2,
29/02/2020,18:00,Heilongjiang,480,13,
29/02/2020,18:00,Jiangxi,935,1,
29/02/2020,18:00,Guangdong,1349,7,
29/02/2020,18:00,Guizhou,146,2,
29/02/2020,18:00,Shanghai,337,3,
29/02/2020,18:00,Shandong,756,6,
29/02/2020,18:00,Guangxi Zhuang Autonomous Region,252,2,
29/02/2020,18:00,Yunnan,174,2,
29/02/2020,18:00,Inner Mongolia Autonomous Region,75,0,
29/02/2020,18:00,Zhejiang,1205,1,
29/02/2020,18:00,Henan,1272,21,
29/02/2020,18:00,Hebei,318,6,
29/02/2020,18:00,Hainan,168,5,
29/02/2020,18:00,Jilin,93,1,
29/02/2020,18:00,Shanxi,133,0,
29/02/2020,18:00,Ningxia Hui Autonomous Region,73,0,
29/02/2020,18:00,Jiangsu,631,0,
29/02/2020,18:00,Xinjiang Uygur Autonomous Region,76,3,
29/02/2020,18:00,Qinghai,18,0,
29/02/2020,18:00,Tibet Autonomous Region,1,0,
29/02/2020,23:59,Hubei,66907,2761,
01/03/2020,9:00,Beijing,411,8,
01/03/2020,9:00,Liaoning,122,1,
01/03/2020,9:00,Anhui,990,6,
01/03/2020,9:00,Chongqing,576,6,
01/03/2020,9:00,Shaanxi,245,1,
01/03/2020,9:00,Tianjin,136,3,
01/03/2020,9:00,Fujian,296,1,
01/03/2020,9:00,Hunan,1018,4,
01/03/2020,9:00,Sichuan,538,3,
01/03/2020,9:00,Gansu,91,2,
01/03/2020,9:00,Heilongjiang,480,13,
01/03/2020,9:00,Jiangxi,935,1,
01/03/2020,9:00,Guangdong,1349,7,
01/03/2020,9:00,Guizhou,146,2,
01/03/2020,9:00,Shanghai,337,3,
01/03/2020,9:00,Shandong,756,6,
01/03/2020,9:00,Guangxi Zhuang Autonomous Region,252,2,
01/03/2020,9:00,Yunnan,174,2,
01/03/2020,9:00,Inner Mongolia Autonomous Region,75,0,
01/03/2020,9:00,Zhejiang,1205,1,
01/03/2020,9:00,Henan,1272,22,
01/03/2020,9:00,Hebei,318,6,
01/03/2020,9:00,Hainan,168,5,
01/03/2020,9:00,Jilin,93,1,
01/03/2020,9:00,Shanxi,133,0,
01/03/2020,9:00,Ningxia Hui Autonomous Region,73,0,
01/03/2020,9:00,Jiangsu,631,0,
01/03/2020,9:00,Xinjiang Uygur Autonomous Region,76,3,
01/03/2020,9:00,Qinghai,18,0,
01/03/2020,9:00,Tibet Autonomous Region,1,0,
01/03/2020,18:00,Beijing,413,8,
01/03/2020,18:00,Liaoning,122,1,
01/03/2020,18:00,Anhui,990,6,
01/03/2020,18:00,Chongqing,576,6,
01/03/2020,18:00,Shaanxi,245,1,
01/03/2020,18:00,Tianjin,136,3,
01/03/2020,18:00,Fujian,296,1,
01/03/2020,18:00,Hunan,1018,4,
01/03/2020,18:00,Sichuan,538,3,
01/03/2020,18:00,Gansu,91,2,
01/03/2020,18:00,Heilongjiang,480,13,
01/03/2020,18:00,Jiangxi,935,1,
01/03/2020,18:00,Guangdong,1349,7,
01/03/2020,18:00,Guizhou,146,2,
01/03/2020,18:00,Shanghai,337,3,
01/03/2020,18:00,Shandong,758,6,
01/03/2020,18:00,Guangxi Zhuang Autonomous Region,252,2,
01/03/2020,18:00,Yunnan,174,2,
01/03/2020,18:00,Inner Mongolia Autonomous Region,75,0,
01/03/2020,18:00,Zhejiang,1205,1,
01/03/2020,18:00,Henan,1272,22,
01/03/2020,18:00,Hebei,318,6,
01/03/2020,18:00,Hainan,168,5,
01/03/2020,18:00,Jilin,93,1,
01/03/2020,18:00,Shanxi,133,0,
01/03/2020,18:00,Ningxia Hui Autonomous Region,73,0,
01/03/2020,18:00,Jiangsu,631,0,
01/03/2020,18:00,Xinjiang Uygur Autonomous Region,76,3,
01/03/2020,18:00,Qinghai,18,0,
01/03/2020,18:00,Tibet Autonomous Region,1,0,
01/03/2020,23:59,Hubei,67103,2803,
02/03/2020,9:00,Beijing,413,8,
02/03/2020,9:00,Liaoning,122,1,
02/03/2020,9:00,Anhui,990,6,
02/03/2020,9:00,Chongqing,576,6,
02/03/2020,9:00,Shaanxi,245,1,
02/03/2020,9:00,Tianjin,136,3,
02/03/2020,9:00,Fujian,296,1,
02/03/2020,9:00,Hunan,1018,4,
02/03/2020,9:00,Sichuan,538,3,
02/03/2020,9:00,Gansu,91,2,
02/03/2020,9:00,Heilongjiang,480,13,
02/03/2020,9:00,Jiangxi,935,1,
02/03/2020,9:00,Guangdong,1350,7,
02/03/2020,9:00,Guizhou,146,2,
02/03/2020,9:00,Shanghai,337,3,
02/03/2020,9:00,Shandong,758,6,
02/03/2020,9:00,Guangxi Zhuang Autonomous Region,252,2,
02/03/2020,9:00,Yunnan,174,2,
02/03/2020,9:00,Inner Mongolia Autonomous Region,75,0,
02/03/2020,9:00,Zhejiang,1205,1,
02/03/2020,9:00,Henan,1272,22,
02/03/2020,9:00,Hebei,318,6,
02/03/2020,9:00,Hainan,168,5,
02/03/2020,9:00,Jilin,93,1,
02/03/2020,9:00,Shanxi,133,0,
02/03/2020,9:00,Ningxia Hui Autonomous Region,73,0,
02/03/2020,9:00,Jiangsu,631,0,
02/03/2020,9:00,Xinjiang Uygur Autonomous Region,76,3,
02/03/2020,9:00,Qinghai,18,0,
02/03/2020,9:00,Tibet Autonomous Region,1,0,
02/03/2020,18:00,Beijing,414,8,
02/03/2020,18:00,Liaoning,122,1,
02/03/2020,18:00,Anhui,990,6,
02/03/2020,18:00,Chongqing,576,6,
02/03/2020,18:00,Shaanxi,245,1,
02/03/2020,18:00,Tianjin,136,3,
02/03/2020,18:00,Fujian,296,1,
02/03/2020,18:00,Hunan,1018,4,
02/03/2020,18:00,Sichuan,538,3,
02/03/2020,18:00,Gansu,91,2,
02/03/2020,18:00,Heilongjiang,480,13,
02/03/2020,18:00,Jiangxi,935,1,
02/03/2020,18:00,Guangdong,1350,7,
02/03/2020,18:00,Guizhou,146,2,
02/03/2020,18:00,Shanghai,337,3,
02/03/2020,18:00,Shandong,758,6,
02/03/2020,18:00,Guangxi Zhuang Autonomous Region,252,2,
02/03/2020,18:00,Yunnan,174,2,
02/03/2020,18:00,Inner Mongolia Autonomous Region,75,0,
02/03/2020,18:00,Zhejiang,1206,1,
02/03/2020,18:00,Henan,1272,22,
02/03/2020,18:00,Hebei,318,6,
02/03/2020,18:00,Hainan,168,5,
02/03/2020,18:00,Jilin,93,1,
02/03/2020,18:00,Shanxi,133,0,
02/03/2020,18:00,Ningxia Hui Autonomous Region,74,0,
02/03/2020,18:00,Jiangsu,631,0,
02/03/2020,18:00,Xinjiang Uygur Autonomous Region,76,3,
02/03/2020,18:00,Qinghai,18,0,
02/03/2020,18:00,Tibet Autonomous Region,1,0,
02/03/2020,23:59,Hubei,67217,2834,
03/03/2020,9:00,Beijing,414,8,
03/03/2020,9:00,Liaoning,125,1,
03/03/2020,9:00,Anhui,990,6,
03/03/2020,9:00,Chongqing,576,6,
03/03/2020,9:00,Shaanxi,245,1,
03/03/2020,9:00,Tianjin,136,3,
03/03/2020,9:00,Fujian,296,1,
03/03/2020,9:00,Hunan,1018,4,
03/03/2020,9:00,Sichuan,538,3,
03/03/2020,9:00,Gansu,91,2,
03/03/2020,9:00,Heilongjiang,480,13,
03/03/2020,9:00,Jiangxi,935,1,
03/03/2020,9:00,Guangdong,1350,7,
03/03/2020,9:00,Guizhou,146,2,
03/03/2020,9:00,Shanghai,337,3,
03/03/2020,9:00,Shandong,758,6,
03/03/2020,9:00,Guangxi Zhuang Autonomous Region,252,2,
03/03/2020,9:00,Yunnan,174,2,
03/03/2020,9:00,Inner Mongolia Autonomous Region,75,0,
03/03/2020,9:00,Zhejiang,1206,1,
03/03/2020,9:00,Henan,1272,22,
03/03/2020,9:00,Hebei,318,6,
03/03/2020,9:00,Hainan,168,5,
03/03/2020,9:00,Jilin,93,1,
03/03/2020,9:00,Shanxi,133,0,
03/03/2020,9:00,Ningxia Hui Autonomous Region,74,0,
03/03/2020,9:00,Jiangsu,631,0,
03/03/2020,9:00,Xinjiang Uygur Autonomous Region,76,3,
03/03/2020,9:00,Qinghai,18,0,
03/03/2020,9:00,Tibet Autonomous Region,1,0,
03/03/2020,18:00,Beijing,414,8,
03/03/2020,18:00,Liaoning,125,1,
03/03/2020,18:00,Anhui,990,6,
03/03/2020,18:00,Chongqing,576,6,
03/03/2020,18:00,Shaanxi,245,1,
03/03/2020,18:00,Tianjin,136,3,
03/03/2020,18:00,Fujian,296,1,
03/03/2020,18:00,Hunan,1018,4,
03/03/2020,18:00,Sichuan,538,3,
03/03/2020,18:00,Gansu,91,2,
03/03/2020,18:00,Heilongjiang,480,13,
03/03/2020,18:00,Jiangxi,935,1,
03/03/2020,18:00,Guangdong,1350,7,
03/03/2020,18:00,Guizhou,146,2,
03/03/2020,18:00,Shanghai,338,3,
03/03/2020,18:00,Shandong,758,6,
03/03/2020,18:00,Guangxi Zhuang Autonomous Region,252,2,
03/03/2020,18:00,Yunnan,174,2,
03/03/2020,18:00,Inner Mongolia Autonomous Region,75,1,
03/03/2020,18:00,Zhejiang,1213,1,
03/03/2020,18:00,Henan,1272,22,
03/03/2020,18:00,Hebei,318,6,
03/03/2020,18:00,Hainan,168,5,
03/03/2020,18:00,Jilin,93,1,
03/03/2020,18:00,Shanxi,133,0,
03/03/2020,18:00,Ningxia Hui Autonomous Region,74,0,
03/03/2020,18:00,Jiangsu,631,0,
03/03/2020,18:00,Xinjiang Uygur Autonomous Region,76,3,
03/03/2020,18:00,Qinghai,18,0,
03/03/2020,18:00,Tibet Autonomous Region,1,0,
